iteration,episodes_cumulative,epsilon,wins,draws,losses,win_rate,mean_reward,q_table_size,wall_time_s
1,2000,1.0000,372,338,290,0.3720,0.0820,10897,6.63
2,4000,0.9909,399,358,243,0.3990,0.1560,21141,14.12
3,6000,0.9818,383,344,273,0.3830,0.1100,31249,21.91
4,8000,0.9727,423,300,277,0.4230,0.1460,40994,30.37
5,10000,0.9636,409,308,283,0.4090,0.1260,50569,39.73
6,12000,0.9545,412,310,278,0.4120,0.1340,59912,49.01
7,14000,0.9455,414,319,267,0.4140,0.1470,69128,58.20
8,16000,0.9364,438,275,287,0.4380,0.1510,78256,68.64
9,18000,0.9273,367,376,257,0.3670,0.1100,87208,78.64
10,20000,0.9182,465,297,238,0.4650,0.2270,96042,89.40
11,22000,0.9091,477,274,249,0.4770,0.2280,104734,100.83
12,24000,0.9000,449,288,263,0.4490,0.1860,113315,111.70
13,26000,0.8909,509,258,233,0.5090,0.2760,121841,120.61
14,28000,0.8818,394,307,299,0.3940,0.0950,130333,131.67
15,30000,0.8727,521,248,231,0.5210,0.2900,138733,143.69
16,32000,0.8636,334,328,338,0.3340,-0.0040,147083,154.73
17,34000,0.8545,362,355,283,0.3620,0.0790,155363,168.18
18,36000,0.8455,599,233,168,0.5990,0.4310,163564,183.01
19,38000,0.8364,582,227,191,0.5820,0.3910,171677,196.83
20,40000,0.8273,573,215,212,0.5730,0.3610,179684,211.01
21,42000,0.8182,578,214,208,0.5780,0.3700,187609,228.23
22,44000,0.8091,543,238,219,0.5430,0.3240,195430,245.29
23,46000,0.8000,597,229,174,0.5970,0.4230,203328,260.47
24,48000,0.7909,683,167,150,0.6830,0.5330,211091,277.72
25,50000,0.7818,627,203,170,0.6270,0.4570,218834,292.73
26,52000,0.7727,643,184,173,0.6430,0.4700,226604,307.72
27,54000,0.7636,667,170,163,0.6670,0.5040,234218,326.22
28,56000,0.7545,704,145,151,0.7040,0.5530,241771,343.24
29,58000,0.7455,663,162,175,0.6630,0.4880,249210,360.57
30,60000,0.7364,680,162,158,0.6800,0.5220,256460,378.02
31,62000,0.7273,684,160,156,0.6840,0.5280,263704,398.06
32,64000,0.7182,680,168,152,0.6800,0.5280,270882,414.39
33,66000,0.7091,698,151,151,0.6980,0.5470,278040,434.97
34,68000,0.7000,704,136,160,0.7040,0.5440,285142,456.59
35,70000,0.6909,682,171,147,0.6820,0.5350,292167,476.06
36,72000,0.6818,722,140,138,0.7220,0.5840,299223,495.75
37,74000,0.6727,708,160,132,0.7080,0.5760,305984,518.14
38,76000,0.6636,685,161,154,0.6850,0.5310,312716,544.61
39,78000,0.6545,713,169,118,0.7130,0.5950,319340,569.01
40,80000,0.6455,686,166,148,0.6860,0.5380,325903,594.06
41,82000,0.6364,720,141,139,0.7200,0.5810,332395,623.21
42,84000,0.6273,721,154,125,0.7210,0.5960,338817,645.66
43,86000,0.6182,719,129,152,0.7190,0.5670,345129,667.94
44,88000,0.6091,706,162,132,0.7060,0.5740,351299,690.98
45,90000,0.6000,714,156,130,0.7140,0.5840,357434,714.11
46,92000,0.5909,714,146,140,0.7140,0.5740,363424,737.62
47,94000,0.5818,699,158,143,0.6990,0.5560,369323,765.50
48,96000,0.5727,724,128,148,0.7240,0.5760,375329,790.09
49,98000,0.5636,734,135,131,0.7340,0.6030,381127,819.51
50,100000,0.5545,710,140,150,0.7100,0.5600,386598,840.09
51,102000,0.5455,718,136,146,0.7180,0.5720,392056,866.01
52,104000,0.5364,711,136,153,0.7110,0.5580,397556,891.87
53,106000,0.5273,726,140,134,0.7260,0.5920,403012,922.06
54,108000,0.5182,724,134,142,0.7240,0.5820,408262,944.15
55,110000,0.5091,749,138,113,0.7490,0.6360,413439,975.20
56,112000,0.5000,749,140,111,0.7490,0.6380,418435,1005.07
57,114000,0.4909,745,118,137,0.7450,0.6080,423337,1031.75
58,116000,0.4818,736,134,130,0.7360,0.6060,428029,1058.38
59,118000,0.4727,742,149,109,0.7420,0.6330,432835,1087.85
60,120000,0.4636,741,145,114,0.7410,0.6270,437533,1117.76
61,122000,0.4545,740,130,130,0.7400,0.6100,441987,1150.82
62,124000,0.4455,723,142,135,0.7230,0.5880,446499,1181.34
63,126000,0.4364,759,149,92,0.7590,0.6670,450932,1211.60
64,128000,0.4273,748,133,119,0.7480,0.6290,455122,1244.73
65,130000,0.4182,693,162,145,0.6930,0.5480,459249,1275.60
66,132000,0.4091,753,130,117,0.7530,0.6360,463629,1306.31
67,134000,0.4000,756,120,124,0.7560,0.6320,467618,1348.35
68,136000,0.3909,710,150,140,0.7100,0.5700,471445,1379.83
69,138000,0.3818,687,163,150,0.6870,0.5370,475396,1406.95
70,140000,0.3727,760,140,100,0.7600,0.6600,479228,1440.75
71,142000,0.3636,761,133,106,0.7610,0.6550,482679,1469.35
72,144000,0.3545,747,141,112,0.7470,0.6350,486157,1499.51
73,146000,0.3455,747,141,112,0.7470,0.6350,489482,1529.89
74,148000,0.3364,726,139,135,0.7260,0.5910,492748,1566.45
75,150000,0.3273,807,99,94,0.8070,0.7130,496030,1596.45
76,152000,0.3182,789,118,93,0.7890,0.6960,498979,1626.62
77,154000,0.3091,754,135,111,0.7540,0.6430,501899,1661.40
78,156000,0.3000,788,97,115,0.7880,0.6730,505052,1696.46
79,158000,0.2909,791,111,98,0.7910,0.6930,507756,1731.83
80,160000,0.2818,787,125,88,0.7870,0.6990,510329,1758.48
81,162000,0.2727,779,119,102,0.7790,0.6770,512865,1795.29
82,164000,0.2636,734,137,129,0.7340,0.6050,515395,1825.63
83,166000,0.2545,800,111,89,0.8000,0.7110,517972,1856.29
84,168000,0.2455,775,125,100,0.7750,0.6750,520205,1885.37
85,170000,0.2364,779,147,74,0.7790,0.7050,522416,1917.71
86,172000,0.2273,787,126,87,0.7870,0.7000,524506,1948.82
87,174000,0.2182,786,112,102,0.7860,0.6840,526559,1979.31
88,176000,0.2091,740,127,133,0.7400,0.6070,528401,2012.93
89,178000,0.2000,739,144,117,0.7390,0.6220,530277,2043.56
90,180000,0.1909,805,121,74,0.8050,0.7310,532039,2074.70
91,182000,0.1818,757,131,112,0.7570,0.6450,533584,2106.32
92,184000,0.1727,796,118,86,0.7960,0.7100,535247,2138.83
93,186000,0.1636,765,135,100,0.7650,0.6650,536694,2172.86
94,188000,0.1545,802,112,86,0.8020,0.7160,538223,2206.87
95,190000,0.1455,758,122,120,0.7580,0.6380,539533,2245.74
96,192000,0.1364,796,122,82,0.7960,0.7140,540795,2286.29
97,194000,0.1273,784,124,92,0.7840,0.6920,541937,2323.18
98,196000,0.1182,780,132,88,0.7800,0.6920,542962,2364.26
99,198000,0.1091,801,120,79,0.8010,0.7220,544024,2400.67
100,200000,0.1000,812,104,84,0.8120,0.7280,544921,2442.80
