episode,total_steps,epsilon,episode_reward,score,aliens_killed,lives_left,won,wall_time_s
0,256,NA,-20.0,130,7,2,0,2.406304
1,512,NA,100.0,200,10,3,0,2.44205
2,768,NA,30.0,130,8,3,0,2.476596
3,1024,NA,0.0,150,8,2,0,2.510006
4,1280,NA,20.0,120,8,3,0,2.543265
5,1560,NA,30.0,180,10,2,0,2.579596
6,1816,NA,40.0,140,8,3,0,2.612804
7,2072,NA,-10.0,140,9,2,0,2.93256
8,2336,NA,60.0,160,9,3,0,2.967862
9,2592,NA,40.0,190,11,2,0,3.001239
10,2848,NA,80.0,180,9,3,0,3.034399
11,3152,NA,190.0,290,16,3,0,3.073881
12,3456,NA,80.0,180,10,3,0,3.113323
13,3736,NA,60.0,160,10,3,0,3.150009
14,3992,NA,20.0,170,10,2,0,3.184664
15,4296,NA,110.0,210,12,3,0,3.488026
16,4576,NA,60.0,160,9,3,0,3.525477
17,4832,NA,150.0,250,13,3,0,3.55962
18,5096,NA,-30.0,120,7,2,0,3.594814
19,5360,NA,-30.0,170,9,1,0,3.630208
20,5616,NA,60.0,160,9,3,0,3.664417
21,5896,NA,60.0,160,8,3,0,3.702398
22,6200,NA,160.0,260,13,3,0,4.020572
23,6456,NA,-40.0,160,9,1,0,4.062228
24,6712,NA,130.0,230,13,3,0,4.102635
25,6968,NA,50.0,150,8,3,0,4.142665
26,7224,NA,40.0,140,8,3,0,4.182857
27,7480,NA,40.0,140,8,3,0,4.224936
28,7736,NA,40.0,140,9,3,0,4.266012
29,7992,NA,160.0,310,17,2,0,4.306609
30,8248,NA,90.0,190,10,3,0,4.666143
31,8504,NA,20.0,170,11,2,0,4.70546
32,8760,NA,80.0,180,10,3,0,4.744481
33,9016,NA,100.0,200,12,3,0,4.783275
34,9272,NA,70.0,170,9,3,0,4.821677
35,9528,NA,140.0,240,13,3,0,4.860701
36,9784,NA,60.0,160,10,3,0,4.899618
37,10040,NA,20.0,120,9,3,0,4.938039
38,10296,NA,100.0,200,11,3,0,5.246969
39,10552,NA,40.0,140,8,3,0,5.282971
40,10808,NA,170.0,270,14,3,0,5.317151
41,11064,NA,50.0,150,10,3,0,5.350628
42,11320,NA,50.0,150,9,3,0,5.383735
43,11576,NA,90.0,190,11,3,0,5.417163
44,11832,NA,60.0,160,9,3,0,5.451258
45,12088,NA,40.0,140,8,3,0,5.487753
46,12344,NA,90.0,190,11,3,0,5.806824
47,12600,NA,70.0,220,11,2,0,5.842062
48,12856,NA,20.0,120,8,3,0,5.875514
49,13112,NA,130.0,230,12,3,0,5.912608
50,13368,NA,130.0,230,12,3,0,5.947069
51,13640,NA,90.0,190,10,3,0,5.983664
52,13896,NA,110.0,210,11,3,0,6.020643
53,14152,NA,70.0,170,10,3,0,6.053994
54,14408,NA,60.0,210,13,2,0,6.360579
55,14664,NA,40.0,140,9,3,0,6.394416
56,14920,NA,60.0,160,9,3,0,6.427954
57,15176,NA,120.0,220,13,3,0,6.461553
58,15440,NA,50.0,150,8,3,0,6.496186
59,15728,NA,70.0,170,10,3,0,6.536858
60,15984,NA,80.0,230,12,2,0,6.571763
61,16240,NA,0.0,100,6,3,0,6.605146
62,16496,NA,90.0,190,12,3,0,6.907561
63,16752,NA,60.0,160,8,3,0,6.941789
64,17024,NA,70.0,220,11,2,0,6.977826
65,17360,NA,150.0,250,14,3,0,7.025441
66,17616,NA,0.0,100,5,3,0,7.063015
67,17872,NA,-20.0,80,6,3,0,7.098973
68,18128,NA,30.0,180,10,2,0,7.132454
69,18384,NA,60.0,160,9,3,0,7.166063
70,18696,NA,190.0,290,15,3,0,7.478058
71,18952,NA,30.0,130,9,3,0,7.515618
72,19208,NA,50.0,150,9,3,0,7.550572
73,19464,NA,-40.0,110,8,2,0,7.584002
74,19720,NA,110.0,210,11,3,0,7.617745
75,19976,NA,60.0,210,11,2,0,7.651108
76,20232,NA,100.0,200,12,3,0,7.685502
77,20488,NA,130.0,230,12,3,0,7.991079
78,20744,NA,-80.0,120,7,1,0,8.030038
79,21000,NA,50.0,150,9,3,0,8.067272
80,21256,NA,100.0,200,11,3,0,8.100747
81,21512,NA,70.0,220,12,2,0,8.134386
82,21768,NA,120.0,220,12,3,0,8.168013
83,22024,NA,0.0,150,7,2,0,8.201671
84,22280,NA,60.0,160,10,3,0,8.237695
85,22544,NA,60.0,160,9,3,0,8.566836
86,22808,NA,110.0,210,12,3,0,8.607962
87,23026,NA,-120.0,130,8,0,0,8.641331
88,23282,NA,180.0,280,15,3,0,8.680136
89,23538,NA,10.0,160,9,2,0,8.720303
90,23794,NA,100.0,200,10,3,0,8.759227
91,24050,NA,90.0,190,12,3,0,8.797115
92,24306,NA,10.0,160,9,2,0,8.83584
93,24562,NA,80.0,180,10,3,0,8.874573
94,24818,NA,40.0,140,9,3,0,9.230377
95,25074,NA,180.0,280,14,3,0,9.26741
96,25330,NA,80.0,180,10,3,0,9.304698
97,25586,NA,70.0,170,11,3,0,9.341941
98,25842,NA,40.0,140,9,3,0,9.379951
99,26098,NA,100.0,200,12,3,0,9.417028
100,26354,NA,80.0,230,11,2,0,9.454092
101,26610,NA,100.0,200,12,3,0,9.490955
102,26866,NA,100.0,200,11,3,0,9.821125
103,27122,NA,70.0,170,9,3,0,9.858647
104,27378,NA,30.0,180,10,2,0,9.895834
105,27634,NA,130.0,230,13,3,0,9.933042
106,27890,NA,30.0,130,9,3,0,9.970917
107,28146,NA,130.0,230,13,3,0,10.008282
108,28402,NA,110.0,260,13,2,0,10.04552
109,28658,NA,80.0,180,11,3,0,10.079649
110,28914,NA,60.0,160,9,3,0,10.3816
111,29170,NA,150.0,250,13,3,0,10.416767
112,29426,NA,110.0,260,14,2,0,10.450215
113,29682,NA,190.0,290,15,3,0,10.487486
114,29938,NA,90.0,190,11,3,0,10.521405
115,30194,NA,120.0,220,11,3,0,10.555289
116,30450,NA,70.0,170,10,3,0,10.592025
117,30730,NA,100.0,200,12,3,0,10.916601
118,30986,NA,-10.0,140,8,2,0,10.952027
119,31242,NA,70.0,170,10,3,0,10.98548
120,31498,NA,30.0,180,11,2,0,11.023109
121,31754,NA,100.0,200,11,3,0,11.057563
122,32010,NA,110.0,210,12,3,0,11.091846
123,32266,NA,120.0,220,12,3,0,11.129286
124,32522,NA,100.0,200,12,3,0,11.166552
125,32778,NA,140.0,240,12,3,0,11.478775
126,33098,NA,110.0,260,13,2,0,11.521693
127,33354,NA,140.0,240,13,3,0,11.555231
128,33610,NA,110.0,260,14,2,0,11.588569
129,33866,NA,50.0,150,9,3,0,11.621971
130,34122,NA,80.0,180,11,3,0,11.655734
131,34378,NA,-40.0,60,4,3,0,11.689443
132,34634,NA,70.0,170,10,3,0,11.722752
133,34890,NA,70.0,170,9,3,0,12.028995
134,35146,NA,50.0,250,14,1,0,12.062428
135,35402,NA,150.0,250,13,3,0,12.095789
136,35658,NA,-30.0,120,8,2,0,12.128846
137,35914,NA,20.0,170,11,2,0,12.161853
138,36170,NA,130.0,230,13,3,0,12.194727
139,36426,NA,100.0,200,11,3,0,12.227426
140,36682,NA,80.0,180,10,3,0,12.260248
141,36938,NA,60.0,160,10,3,0,12.614561
142,37194,NA,110.0,210,10,3,0,12.653696
143,37450,NA,-20.0,130,8,2,0,12.69222
144,37706,NA,70.0,220,12,2,0,12.731121
145,37962,NA,130.0,230,11,3,0,12.770793
146,38218,NA,20.0,120,7,3,0,12.810065
147,38474,NA,110.0,210,12,3,0,12.849089
148,38730,NA,20.0,120,8,3,0,12.887626
149,38986,NA,150.0,250,14,3,0,13.233369
150,39242,NA,50.0,200,11,2,0,13.271149
151,39498,NA,40.0,190,12,2,0,13.308018
152,39754,NA,90.0,240,14,2,0,13.345074
153,40010,NA,90.0,190,10,3,0,13.382111
154,40266,NA,80.0,230,13,2,0,13.419476
155,40522,NA,140.0,240,13,3,0,13.456284
156,40778,NA,80.0,180,10,3,0,13.493156
157,41034,NA,20.0,170,9,2,0,13.793387
158,41290,NA,110.0,260,14,2,0,13.827014
159,41546,NA,80.0,180,10,3,0,13.860621
160,41802,NA,70.0,170,9,3,0,13.893739
161,42058,NA,100.0,200,11,3,0,13.926896
162,42314,NA,140.0,240,12,3,0,13.960548
163,42570,NA,120.0,220,12,3,0,13.994101
164,42826,NA,120.0,220,13,3,0,14.027503
165,43082,NA,120.0,220,12,3,0,14.320363
166,43338,NA,0.0,100,7,3,0,14.354113
167,43594,NA,110.0,210,11,3,0,14.387491
168,43850,NA,-10.0,190,10,1,0,14.421212
169,44106,NA,100.0,250,13,2,0,14.454556
170,44362,NA,90.0,190,11,3,0,14.487417
171,44618,NA,120.0,220,11,3,0,14.51946
172,44874,NA,160.0,260,13,3,0,14.550922
173,45130,NA,80.0,180,10,3,0,14.828969
174,45386,NA,130.0,230,11,3,0,14.861354
175,45642,NA,140.0,240,12,3,0,14.893019
176,45898,NA,70.0,220,11,2,0,14.924596
177,46154,NA,40.0,190,12,2,0,14.956487
178,46410,NA,170.0,270,14,3,0,14.98816
179,46666,NA,160.0,260,13,3,0,15.01972
180,46922,NA,140.0,240,11,3,0,15.051024
181,47178,NA,130.0,230,13,3,0,15.329257
182,47434,NA,130.0,230,12,3,0,15.361376
183,47690,NA,90.0,240,12,2,0,15.393462
184,47946,NA,200.0,300,16,3,0,15.426967
185,48202,NA,160.0,260,13,3,0,15.459374
186,48458,NA,100.0,200,11,3,0,15.491423
187,48714,NA,90.0,190,11,3,0,15.523821
188,48970,NA,60.0,160,9,3,0,15.556456
189,49226,NA,190.0,290,15,3,0,15.869691
190,49482,NA,60.0,160,10,3,0,15.903507
191,49738,NA,120.0,220,11,3,0,15.938741
192,49994,NA,90.0,190,10,3,0,15.978395
193,50250,NA,40.0,190,10,2,0,16.014785
194,50506,NA,120.0,220,12,3,0,16.046967
195,50762,NA,140.0,240,13,3,0,16.078686
196,51018,NA,130.0,230,11,3,0,16.110185
197,51274,NA,80.0,230,12,2,0,16.403253
198,51530,NA,200.0,300,15,3,0,16.436925
199,51786,NA,80.0,180,10,3,0,16.470113
200,52042,NA,40.0,190,10,2,0,16.503228
201,52298,NA,110.0,210,12,3,0,16.536091
202,52554,NA,70.0,170,9,3,0,16.568983
203,52810,NA,190.0,290,13,3,0,16.601937
204,53066,NA,160.0,260,13,3,0,16.63451
205,53322,NA,120.0,220,12,3,0,16.926108
206,53578,NA,70.0,220,11,2,0,16.959989
207,53834,NA,90.0,190,10,3,0,16.993516
208,54090,NA,70.0,170,9,3,0,17.026572
209,54346,NA,130.0,230,13,3,0,17.059679
210,54602,NA,70.0,220,12,2,0,17.092943
211,54858,NA,140.0,240,13,3,0,17.125818
212,55114,NA,80.0,230,13,2,0,17.159054
213,55370,NA,120.0,220,12,3,0,17.451732
214,55626,NA,70.0,220,11,2,0,17.48525
215,55882,NA,130.0,230,11,3,0,17.518332
216,56138,NA,130.0,230,12,3,0,17.550845
217,56394,NA,130.0,230,12,3,0,17.583705
218,56650,NA,150.0,250,14,3,0,17.620382
219,56906,NA,100.0,200,11,3,0,17.65449
220,57162,NA,200.0,300,16,3,0,17.688025
221,57418,NA,110.0,210,11,3,0,17.991178
222,57674,NA,120.0,220,11,3,0,18.028241
223,57930,NA,110.0,210,11,3,0,18.061262
224,58186,NA,110.0,210,10,3,0,18.096689
225,58442,NA,140.0,240,12,3,0,18.133067
226,58698,NA,100.0,200,11,3,0,18.169517
227,58954,NA,20.0,170,9,2,0,18.206268
228,59210,NA,50.0,150,9,3,0,18.242688
229,59466,NA,130.0,230,14,3,0,18.54054
230,59722,NA,90.0,190,10,3,0,18.575006
231,59978,NA,90.0,240,12,2,0,18.611576
232,60234,NA,170.0,270,14,3,0,18.648604
233,60490,NA,140.0,240,12,3,0,18.682212
234,60746,NA,150.0,250,13,3,0,18.716305
235,61002,NA,150.0,250,13,3,0,18.753447
236,61258,NA,100.0,200,12,3,0,18.790355
237,61514,NA,100.0,200,11,3,0,19.092572
238,61770,NA,70.0,220,12,2,0,19.130246
239,62026,NA,70.0,170,9,3,0,19.169026
240,62282,NA,0.0,150,10,2,0,19.205949
241,62538,NA,70.0,170,9,3,0,19.243257
242,62794,NA,80.0,180,9,3,0,19.280224
243,63050,NA,90.0,190,11,3,0,19.31711
244,63306,NA,70.0,170,9,3,0,19.353538
245,63562,NA,110.0,210,11,3,0,19.661396
246,63818,NA,70.0,220,11,2,0,19.698533
247,64074,NA,170.0,270,15,3,0,19.735566
248,64330,NA,40.0,140,9,3,0,19.76861
249,64586,NA,140.0,240,13,3,0,19.803363
250,64842,NA,90.0,190,10,3,0,19.839536
251,65098,NA,80.0,180,10,3,0,19.872458
252,65354,NA,120.0,220,13,3,0,19.905399
253,65610,NA,40.0,140,8,3,0,20.21627
254,65866,NA,40.0,140,8,3,0,20.253389
255,66122,NA,60.0,210,11,2,0,20.288813
256,66378,NA,130.0,230,12,3,0,20.321964
257,66634,NA,210.0,310,17,3,0,20.358644
258,66890,NA,60.0,210,11,2,0,20.392925
259,67146,NA,150.0,250,14,3,0,20.426107
260,67402,NA,110.0,210,12,3,0,20.458908
261,67658,NA,60.0,210,12,2,0,20.771482
262,67914,NA,180.0,280,15,3,0,20.808641
263,68170,NA,50.0,150,9,3,0,20.8419
264,68426,NA,150.0,250,14,3,0,20.875149
265,68682,NA,120.0,220,12,3,0,20.908808
266,68938,NA,90.0,240,12,2,0,20.942027
267,69194,NA,150.0,300,14,2,0,20.97566
268,69450,NA,80.0,180,10,3,0,21.010863
269,69706,NA,100.0,250,13,2,0,21.335861
270,69962,NA,80.0,180,10,3,0,21.369914
271,70218,NA,160.0,260,15,3,0,21.405077
272,70474,NA,140.0,290,15,2,0,21.441566
273,70730,NA,210.0,310,17,3,0,21.474665
274,70986,NA,120.0,220,12,3,0,21.508038
275,71242,NA,90.0,190,10,3,0,21.54116
276,71498,NA,120.0,220,11,3,0,21.574394
277,71754,NA,100.0,250,13,2,0,21.865248
278,72010,NA,90.0,190,12,3,0,21.898775
279,72266,NA,130.0,230,12,3,0,21.931793
280,72522,NA,50.0,150,9,3,0,21.965218
281,72794,NA,130.0,230,12,3,0,22.000382
282,73050,NA,150.0,250,12,3,0,22.033585
283,73306,NA,70.0,170,10,3,0,22.066831
284,73562,NA,140.0,240,13,3,0,22.099988
285,73818,NA,90.0,190,11,3,0,22.395641
286,74074,NA,150.0,250,14,3,0,22.42911
287,74330,NA,90.0,240,12,2,0,22.462248
288,74586,NA,0.0,150,9,2,0,22.495196
289,74842,NA,110.0,260,14,2,0,22.528407
290,75098,NA,30.0,130,7,3,0,22.564886
291,75354,NA,130.0,230,14,3,0,22.60153
292,75610,NA,80.0,180,11,3,0,22.636907
293,75866,NA,110.0,210,11,3,0,22.944188
294,76146,NA,130.0,230,14,3,0,22.981099
295,76402,NA,160.0,310,16,2,0,23.014853
296,76658,NA,180.0,280,14,3,0,23.05192
297,76914,NA,100.0,250,13,2,0,23.089158
298,77170,NA,140.0,240,12,3,0,23.126118
299,77426,NA,-60.0,90,4,2,0,23.162674
300,77682,NA,140.0,240,13,3,0,23.201064
301,77938,NA,-10.0,90,5,3,0,23.513578
302,78194,NA,90.0,190,10,3,0,23.551154
303,78450,NA,160.0,260,13,3,0,23.584116
304,78706,NA,140.0,240,13,3,0,23.618949
305,78962,NA,140.0,240,12,3,0,23.655936
306,79218,NA,110.0,210,11,3,0,23.692156
307,79474,NA,90.0,190,11,3,0,23.730615
308,79754,NA,60.0,210,13,2,0,23.770852
309,80010,NA,110.0,210,12,3,0,24.126255
310,80266,NA,160.0,260,14,3,0,24.165573
311,80522,NA,90.0,190,10,3,0,24.205181
312,80778,NA,160.0,260,14,3,0,24.243287
313,80999,NA,0.0,250,12,0,0,24.275728
314,81255,NA,90.0,190,11,3,0,24.314443
315,81511,NA,100.0,200,11,3,0,24.353308
316,81767,NA,120.0,220,13,3,0,24.39146
317,82023,NA,70.0,170,11,3,0,24.739976
318,82279,NA,70.0,170,10,3,0,24.777124
319,82535,NA,120.0,270,14,2,0,24.814398
320,82791,NA,10.0,210,12,1,0,24.851366
321,83047,NA,100.0,200,10,3,0,24.888534
322,83303,NA,40.0,140,8,3,0,24.925356
323,83559,NA,120.0,220,12,3,0,24.96295
324,83815,NA,140.0,240,13,3,0,25.000422
325,84071,NA,120.0,270,14,2,0,25.32988
326,84327,NA,210.0,310,15,3,0,25.366951
327,84583,NA,190.0,290,14,3,0,25.404581
328,84839,NA,120.0,270,14,2,0,25.441586
329,85095,NA,160.0,260,14,3,0,25.478179
330,85351,NA,130.0,230,12,3,0,25.514391
331,85607,NA,110.0,210,12,3,0,25.547375
332,85863,NA,100.0,200,11,3,0,25.582797
333,86119,NA,190.0,290,15,3,0,25.900894
334,86375,NA,180.0,280,15,3,0,25.934342
335,86631,NA,150.0,250,14,3,0,25.967721
336,86887,NA,120.0,220,11,3,0,26.001124
337,87143,NA,80.0,180,11,3,0,26.034499
338,87399,NA,80.0,230,13,2,0,26.070525
339,87655,NA,160.0,260,14,3,0,26.109287
340,87911,NA,140.0,240,13,3,0,26.148939
341,88167,NA,170.0,270,14,3,0,26.471745
342,88423,NA,30.0,130,8,3,0,26.505363
343,88628,NA,-90.0,160,9,0,0,26.531821
344,88884,NA,150.0,250,13,3,0,26.564582
345,89140,NA,160.0,260,15,3,0,26.59998
346,89396,NA,90.0,190,11,3,0,26.637067
347,89652,NA,100.0,200,10,3,0,26.673965
348,89908,NA,170.0,270,14,3,0,26.707073
349,90164,NA,150.0,250,14,3,0,27.015972
350,90420,NA,80.0,180,11,3,0,27.049733
351,90676,NA,80.0,180,10,3,0,27.082717
352,90932,NA,170.0,270,14,3,0,27.115768
353,91188,NA,130.0,230,11,3,0,27.152983
354,91444,NA,70.0,170,8,3,0,27.189783
355,91700,NA,120.0,220,12,3,0,27.226763
356,91956,NA,170.0,270,14,3,0,27.263847
357,92212,NA,90.0,290,15,1,0,27.567451
358,92468,NA,70.0,170,9,3,0,27.601079
359,92724,NA,120.0,220,12,3,0,27.634501
360,92980,NA,110.0,210,12,3,0,27.667718
361,93236,NA,130.0,230,11,3,0,27.700944
362,93492,NA,120.0,220,12,3,0,27.734404
363,93748,NA,40.0,140,9,3,0,27.767829
364,94004,NA,200.0,300,15,3,0,27.800776
365,94260,NA,140.0,240,13,3,0,28.116787
366,94516,NA,90.0,190,11,3,0,28.154252
367,94772,NA,100.0,200,12,3,0,28.191061
368,95028,NA,150.0,250,13,3,0,28.224484
369,95284,NA,80.0,180,10,3,0,28.258629
370,95540,NA,130.0,230,12,3,0,28.295312
371,95796,NA,120.0,220,11,3,0,28.331892
372,96052,NA,190.0,290,14,3,0,28.365572
373,96308,NA,150.0,250,13,3,0,28.670471
374,96564,NA,100.0,200,11,3,0,28.705794
375,96820,NA,60.0,210,12,2,0,28.742334
376,97076,NA,100.0,200,11,3,0,28.77543
377,97332,NA,190.0,290,14,3,0,28.808991
378,97588,NA,60.0,160,9,3,0,28.842418
379,97844,NA,130.0,230,12,3,0,28.879477
380,98100,NA,-50.0,150,9,1,0,28.913388
381,98356,NA,120.0,220,13,3,0,29.240429
382,98612,NA,100.0,200,10,3,0,29.279766
383,98868,NA,140.0,240,12,3,0,29.318704
384,99124,NA,150.0,250,13,3,0,29.357479
385,99380,NA,150.0,250,13,3,0,29.397024
386,99636,NA,120.0,270,14,2,0,29.435914
387,99892,NA,140.0,240,13,3,0,29.475222
388,100148,NA,150.0,250,14,3,0,29.513765
389,100404,NA,90.0,190,11,3,0,29.845693
390,100660,NA,130.0,230,13,3,0,29.880991
391,100916,NA,150.0,250,13,3,0,29.914692
392,101172,NA,170.0,270,14,3,0,29.952314
393,101428,NA,170.0,270,14,3,0,29.986674
394,101684,NA,150.0,250,13,3,0,30.020479
395,101940,NA,260.0,360,17,3,0,30.054121
396,102196,NA,140.0,240,13,3,0,30.090777
397,102452,NA,140.0,240,13,3,0,30.390555
398,102708,NA,170.0,270,14,3,0,30.424708
399,102964,NA,170.0,270,15,3,0,30.458476
400,103220,NA,110.0,210,12,3,0,30.492083
401,103476,NA,100.0,200,10,3,0,30.525512
402,103732,NA,90.0,290,14,1,0,30.558945
403,103988,NA,100.0,250,13,2,0,30.592344
404,104244,NA,170.0,270,14,3,0,30.625422
405,104500,NA,140.0,240,12,3,0,30.91847
406,104756,NA,120.0,220,13,3,0,30.95211
407,105012,NA,120.0,220,12,3,0,30.985724
408,105268,NA,90.0,190,10,3,0,31.019406
409,105524,NA,120.0,220,12,3,0,31.052864
410,105780,NA,80.0,230,12,2,0,31.085884
411,106036,NA,140.0,240,13,3,0,31.118764
412,106292,NA,170.0,270,14,3,0,31.151763
413,106548,NA,130.0,230,13,3,0,31.462382
414,106804,NA,60.0,160,9,3,0,31.499209
415,107060,NA,60.0,210,10,2,0,31.536311
416,107316,NA,150.0,250,14,3,0,31.573486
417,107572,NA,140.0,240,13,3,0,31.606473
418,107828,NA,70.0,170,10,3,0,31.641591
419,108084,NA,170.0,270,14,3,0,31.679083
420,108340,NA,160.0,310,16,2,0,31.716165
421,108596,NA,170.0,270,14,3,0,32.00919
422,108852,NA,210.0,310,16,3,0,32.046315
423,109108,NA,80.0,180,11,3,0,32.083301
424,109364,NA,90.0,190,11,3,0,32.120179
425,109620,NA,120.0,220,12,3,0,32.157083
426,109876,NA,110.0,210,11,3,0,32.189915
427,110132,NA,110.0,210,12,3,0,32.224507
428,110436,NA,190.0,340,18,2,0,32.269374
429,110692,NA,180.0,280,14,3,0,32.571726
430,110948,NA,140.0,240,11,3,0,32.606201
431,111204,NA,170.0,270,14,3,0,32.643148
432,111460,NA,80.0,180,10,3,0,32.68009
433,111716,NA,90.0,240,13,2,0,32.714119
434,111972,NA,180.0,280,14,3,0,32.748231
435,112228,NA,110.0,210,12,3,0,32.785047
436,112484,NA,50.0,150,9,3,0,32.818245
437,112740,NA,90.0,190,9,3,0,33.114946
438,112996,NA,90.0,190,10,3,0,33.148645
439,113252,NA,90.0,190,11,3,0,33.182487
440,113508,NA,40.0,240,13,1,0,33.219426
441,113764,NA,120.0,220,12,3,0,33.25635
442,114020,NA,90.0,190,10,3,0,33.29295
443,114276,NA,140.0,240,11,3,0,33.329587
444,114532,NA,110.0,210,11,3,0,33.366066
445,114788,NA,80.0,180,10,3,0,33.674321
446,115044,NA,130.0,230,13,3,0,33.707776
447,115300,NA,80.0,180,10,3,0,33.741373
448,115556,NA,140.0,290,15,2,0,33.775963
449,115812,NA,160.0,260,14,3,0,33.812962
450,116068,NA,110.0,210,12,3,0,33.849841
451,116324,NA,-10.0,140,9,2,0,33.886831
452,116580,NA,40.0,190,10,2,0,33.922657
453,116836,NA,90.0,190,11,3,0,34.231848
454,117092,NA,80.0,180,10,3,0,34.265125
455,117348,NA,130.0,230,13,3,0,34.298321
456,117604,NA,150.0,300,16,2,0,34.331272
457,117860,NA,40.0,190,9,2,0,34.364446
458,118116,NA,160.0,310,15,2,0,34.397258
459,118372,NA,120.0,220,12,3,0,34.42979
460,118628,NA,180.0,280,15,3,0,34.463295
461,118884,NA,170.0,270,14,3,0,34.777258
462,119140,NA,150.0,250,13,3,0,34.810486
463,119396,NA,110.0,210,12,3,0,34.843705
464,119652,NA,130.0,280,14,2,0,34.876902
465,119908,NA,100.0,200,12,3,0,34.909863
466,120164,NA,120.0,220,12,3,0,34.943502
467,120420,NA,200.0,300,15,3,0,34.976768
468,120676,NA,170.0,270,14,3,0,35.010338
469,120932,NA,90.0,240,13,2,0,35.313055
470,121284,NA,220.0,320,16,3,0,35.358985
471,121540,NA,30.0,180,10,2,0,35.392079
472,121796,NA,60.0,210,11,2,0,35.424974
473,122052,NA,150.0,250,14,3,0,35.457784
474,122308,NA,170.0,270,15,3,0,35.490856
475,122588,NA,140.0,240,12,3,0,35.527212
476,122844,NA,70.0,220,11,2,0,35.559971
477,123100,NA,110.0,210,11,3,0,35.850766
478,123356,NA,160.0,260,14,3,0,35.883463
479,123636,NA,140.0,290,15,2,0,35.919493
480,123892,NA,120.0,220,12,3,0,35.952625
481,124148,NA,80.0,180,9,3,0,35.985866
482,124404,NA,210.0,310,15,3,0,36.019066
483,124660,NA,80.0,230,13,2,0,36.05062
484,124916,NA,130.0,230,12,3,0,36.081922
485,125172,NA,70.0,220,11,2,0,36.367294
486,125428,NA,120.0,220,12,3,0,36.404088
487,125684,NA,160.0,260,12,3,0,36.438472
488,126020,NA,270.0,370,18,3,0,36.480016
489,126324,NA,190.0,290,16,3,0,36.517627
490,126580,NA,110.0,210,12,3,0,36.549067
491,126836,NA,110.0,210,11,3,0,36.580286
492,127092,NA,120.0,220,11,3,0,36.859555
493,127348,NA,110.0,210,12,3,0,36.891079
494,127604,NA,130.0,230,11,3,0,36.922749
495,127860,NA,90.0,190,9,3,0,36.954238
496,128116,NA,200.0,300,16,3,0,36.986097
497,128372,NA,130.0,280,15,2,0,37.017616
498,128628,NA,150.0,250,14,3,0,37.049401
499,128884,NA,70.0,170,10,3,0,37.080768
500,129140,NA,70.0,170,10,3,0,37.359117
501,129532,NA,270.0,370,19,3,0,37.40752
502,129788,NA,120.0,220,11,3,0,37.439033
503,130044,NA,90.0,190,11,3,0,37.470469
504,130300,NA,180.0,280,15,3,0,37.501757
505,130556,NA,140.0,240,13,3,0,37.53307
506,130812,NA,80.0,180,8,3,0,37.565745
507,131068,NA,150.0,250,13,3,0,37.598298
508,131348,NA,190.0,290,16,3,0,37.895795
509,131604,NA,90.0,190,11,3,0,37.927626
510,131860,NA,150.0,250,13,3,0,37.959477
511,132116,NA,150.0,250,13,3,0,37.991487
512,132372,NA,60.0,210,11,2,0,38.023463
513,132628,NA,130.0,230,12,3,0,38.055386
514,132884,NA,150.0,250,13,3,0,38.086913
515,133140,NA,90.0,240,14,2,0,38.37959
516,133396,NA,150.0,250,13,3,0,38.413324
517,133724,NA,140.0,240,12,3,0,38.455325
518,133980,NA,90.0,190,9,3,0,38.487233
519,134284,NA,190.0,290,15,3,0,38.524858
520,134684,NA,320.0,420,20,3,0,38.575637
521,134988,NA,120.0,220,12,3,0,38.613483
522,135244,NA,150.0,250,13,3,0,38.890435
523,135500,NA,100.0,250,13,2,0,38.922463
524,135860,NA,310.0,410,20,3,0,38.967731
525,136116,NA,170.0,270,15,3,0,38.999646
526,136500,NA,230.0,380,19,2,0,39.046957
527,136804,NA,230.0,330,16,3,0,39.084226
528,137084,NA,200.0,300,15,3,0,39.118988
529,137436,NA,290.0,390,20,3,0,39.423045
530,137692,NA,180.0,280,14,3,0,39.456269
531,137948,NA,120.0,220,11,3,0,39.489404
532,138204,NA,90.0,190,11,3,0,39.52254
533,138460,NA,190.0,290,15,3,0,39.555295
534,138716,NA,130.0,230,13,3,0,39.588356
535,138972,NA,110.0,260,13,2,0,39.621067
536,139228,NA,180.0,280,13,3,0,39.653695
537,139484,NA,110.0,210,12,3,0,39.944628
538,139740,NA,110.0,210,11,3,0,39.978053
539,139996,NA,130.0,280,15,2,0,40.011254
540,140252,NA,110.0,260,14,2,0,40.0446
541,140508,NA,120.0,270,13,2,0,40.077498
542,140764,NA,-30.0,170,9,1,0,40.110456
543,141020,NA,50.0,150,10,3,0,40.143377
544,141276,NA,180.0,280,14,3,0,40.176327
545,141532,NA,130.0,230,12,3,0,40.470714
546,141788,NA,160.0,260,14,3,0,40.504208
547,142044,NA,80.0,230,12,2,0,40.538579
548,142300,NA,130.0,230,12,3,0,40.575209
549,142556,NA,150.0,300,16,2,0,40.60814
550,142812,NA,40.0,140,9,3,0,40.641421
551,143108,NA,230.0,330,18,3,0,40.679666
552,143364,NA,10.0,160,10,2,0,40.985235
553,143644,NA,140.0,240,12,3,0,41.024016
554,143900,NA,80.0,180,10,3,0,41.061814
555,144156,NA,140.0,240,13,3,0,41.095136
556,144484,NA,160.0,310,16,2,0,41.1376
557,144796,NA,180.0,280,15,3,0,41.177778
558,145052,NA,140.0,240,13,3,0,41.211104
559,145308,NA,190.0,290,14,3,0,41.248129
560,145564,NA,90.0,190,11,3,0,41.577527
561,145820,NA,60.0,160,8,3,0,41.612393
562,146124,NA,100.0,250,12,2,0,41.651544
563,146380,NA,170.0,270,13,3,0,41.684396
564,146636,NA,160.0,260,14,3,0,41.720623
565,146892,NA,170.0,270,14,3,0,41.757546
566,147148,NA,150.0,250,13,3,0,41.793332
567,147404,NA,90.0,240,12,2,0,41.82605
568,147740,NA,260.0,360,18,3,0,42.144646
569,148092,NA,270.0,370,19,3,0,42.19013
570,148348,NA,120.0,220,11,3,0,42.22305
571,148604,NA,180.0,280,16,3,0,42.259147
572,148860,NA,190.0,290,15,3,0,42.296264
573,149116,NA,100.0,200,10,3,0,42.332088
574,149372,NA,120.0,320,16,1,0,42.364976
575,149628,NA,140.0,240,12,3,0,42.671539
576,149884,NA,180.0,280,15,3,0,42.704852
577,150140,NA,130.0,230,13,3,0,42.73953
578,150484,NA,210.0,310,17,3,0,42.786831
579,150740,NA,140.0,240,11,3,0,42.819531
580,151020,NA,170.0,270,14,3,0,42.859095
581,151276,NA,100.0,200,10,3,0,42.89583
582,151532,NA,160.0,310,16,2,0,42.932515
583,151788,NA,200.0,300,16,3,0,43.243568
584,152044,NA,120.0,270,15,2,0,43.280649
585,152300,NA,200.0,300,15,3,0,43.317708
586,152556,NA,120.0,220,12,3,0,43.354369
587,152812,NA,100.0,200,11,3,0,43.39151
588,153068,NA,140.0,240,13,3,0,43.428665
589,153324,NA,100.0,250,13,2,0,43.465437
590,153580,NA,110.0,210,11,3,0,43.502493
591,153836,NA,180.0,280,15,3,0,43.823711
592,154092,NA,40.0,190,11,2,0,43.860806
593,154396,NA,140.0,240,12,3,0,43.904911
594,154652,NA,90.0,240,13,2,0,43.942124
595,154932,NA,210.0,310,17,3,0,43.983066
596,155188,NA,110.0,210,12,3,0,44.020095
597,155444,NA,170.0,270,14,3,0,44.056715
598,155724,NA,110.0,310,17,1,0,44.361433
599,155980,NA,140.0,240,13,3,0,44.397157
600,156236,NA,140.0,240,13,3,0,44.430029
601,156492,NA,10.0,210,11,1,0,44.466086
602,156748,NA,150.0,250,13,3,0,44.502717
603,157076,NA,230.0,330,16,3,0,44.549551
604,157356,NA,120.0,220,12,3,0,44.588706
605,157612,NA,140.0,240,13,3,0,44.621421
606,157892,NA,120.0,270,15,2,0,44.916924
607,158148,NA,210.0,360,19,2,0,44.95021
608,158404,NA,90.0,290,15,1,0,44.983436
609,158660,NA,120.0,270,14,2,0,45.016628
610,158916,NA,160.0,260,13,3,0,45.049591
611,159172,NA,170.0,270,13,3,0,45.082525
612,159428,NA,230.0,330,17,3,0,45.115512
613,159684,NA,140.0,240,12,3,0,45.148135
614,159940,NA,170.0,270,14,3,0,45.436476
615,160220,NA,240.0,340,17,3,0,45.470953
616,160476,NA,30.0,230,12,1,0,45.502323
617,160732,NA,120.0,270,14,2,0,45.53361
618,160988,NA,20.0,170,10,2,0,45.564987
619,161244,NA,140.0,240,13,3,0,45.596293
620,161500,NA,110.0,310,17,1,0,45.627606
621,161756,NA,150.0,250,13,3,0,45.658993
622,162068,NA,190.0,340,19,2,0,45.944378
623,162324,NA,160.0,260,13,3,0,45.976207
624,162580,NA,80.0,230,12,2,0,46.007983
625,162860,NA,220.0,320,17,3,0,46.042674
626,163116,NA,70.0,220,12,2,0,46.074116
627,163420,NA,230.0,330,16,3,0,46.11104
628,163676,NA,120.0,270,15,2,0,46.142281
629,163932,NA,80.0,230,12,2,0,46.419161
630,164188,NA,70.0,220,11,2,0,46.45105
631,164444,NA,180.0,280,15,3,0,46.482819
632,164700,NA,210.0,310,16,3,0,46.514578
633,164956,NA,120.0,270,15,2,0,46.548689
634,165212,NA,150.0,250,12,3,0,46.582858
635,165468,NA,60.0,160,10,3,0,46.620745
636,165748,NA,180.0,280,15,3,0,46.658546
637,166004,NA,160.0,260,14,3,0,46.991886
638,166260,NA,120.0,220,11,3,0,47.025506
639,166516,NA,200.0,300,16,3,0,47.062244
640,166772,NA,240.0,340,17,3,0,47.097226
641,167028,NA,180.0,280,16,3,0,47.131397
642,167284,NA,130.0,230,12,3,0,47.165351
643,167540,NA,100.0,250,13,2,0,47.199159
644,167796,NA,200.0,300,15,3,0,47.232048
645,168052,NA,210.0,310,16,3,0,47.537683
646,168308,NA,100.0,200,10,3,0,47.569857
647,168564,NA,130.0,230,12,3,0,47.602556
648,168705,NA,-140.0,110,7,0,0,47.620321
649,168961,NA,170.0,270,14,3,0,47.652601
650,169289,NA,240.0,340,17,3,0,47.694651
651,169545,NA,130.0,280,14,2,0,47.726862
652,169825,NA,140.0,240,14,3,0,47.761606
653,170081,NA,160.0,260,14,3,0,48.046108
654,170401,NA,230.0,330,16,3,0,48.086146
655,170657,NA,150.0,300,15,2,0,48.11849
656,170913,NA,170.0,270,13,3,0,48.151647
657,171169,NA,150.0,250,13,3,0,48.185023
658,171497,NA,200.0,300,15,3,0,48.227466
659,171825,NA,230.0,330,17,3,0,48.269431
660,172081,NA,200.0,300,15,3,0,48.555216
661,172337,NA,120.0,220,12,3,0,48.587283
662,172593,NA,180.0,280,14,3,0,48.620004
663,172873,NA,150.0,300,16,2,0,48.656267
664,173129,NA,120.0,220,12,3,0,48.689381
665,173409,NA,140.0,240,14,3,0,48.725636
666,173665,NA,140.0,240,12,3,0,48.758023
667,173921,NA,160.0,260,14,3,0,48.790256
668,174201,NA,150.0,300,16,2,0,49.088255
669,174457,NA,100.0,250,13,2,0,49.121997
670,174713,NA,210.0,310,15,3,0,49.156152
671,174969,NA,100.0,200,10,3,0,49.189852
672,175225,NA,180.0,280,15,3,0,49.22282
673,175505,NA,170.0,270,14,3,0,49.259486
674,175785,NA,230.0,330,17,3,0,49.2961
675,176041,NA,190.0,290,15,3,0,49.329649
676,176297,NA,90.0,190,11,3,0,49.629964
677,176553,NA,140.0,240,13,3,0,49.663646
678,176809,NA,140.0,240,13,3,0,49.696668
679,177065,NA,300.0,400,20,3,0,49.730049
680,177321,NA,70.0,220,12,2,0,49.763404
681,177577,NA,130.0,230,12,3,0,49.796809
682,177833,NA,170.0,320,16,2,0,49.829875
683,178089,NA,230.0,330,16,3,0,49.863114
684,178345,NA,230.0,330,17,3,0,50.162152
685,178601,NA,170.0,270,14,3,0,50.195705
686,178857,NA,200.0,300,15,3,0,50.228828
687,179113,NA,160.0,260,14,3,0,50.261875
688,179369,NA,180.0,280,15,3,0,50.295001
689,179745,NA,320.0,420,21,3,0,50.343651
690,180001,NA,190.0,290,15,3,0,50.376943
691,180257,NA,130.0,230,13,3,0,50.672435
692,180513,NA,120.0,220,11,3,0,50.706352
693,180769,NA,0.0,200,11,1,0,50.73948
694,181025,NA,200.0,300,15,3,0,50.774295
695,181281,NA,210.0,310,16,3,0,50.81123
696,181537,NA,210.0,310,16,3,0,50.844551
697,181793,NA,210.0,310,16,3,0,50.88036
698,182049,NA,190.0,290,14,3,0,50.91722
699,182305,NA,160.0,260,14,3,0,51.222627
700,182561,NA,160.0,260,14,3,0,51.256408
701,182921,NA,300.0,400,20,3,0,51.304879
702,183177,NA,50.0,150,8,3,0,51.3421
703,183433,NA,100.0,250,14,2,0,51.379006
704,183689,NA,160.0,260,13,3,0,51.412506
705,183945,NA,230.0,330,16,3,0,51.446793
706,184273,NA,210.0,310,16,3,0,51.494401
707,184529,NA,130.0,230,12,3,0,51.813472
708,184785,NA,160.0,310,15,2,0,51.850556
709,185041,NA,170.0,270,14,3,0,51.887665
710,185297,NA,110.0,260,14,2,0,51.92342
711,185553,NA,150.0,250,14,3,0,51.956271
712,185833,NA,230.0,330,17,3,0,51.996662
713,186089,NA,80.0,180,11,3,0,52.031221
714,186345,NA,160.0,260,13,3,0,52.06517
715,186681,NA,290.0,390,19,3,0,52.379358
716,187009,NA,250.0,350,18,3,0,52.424965
717,187265,NA,150.0,250,14,3,0,52.462363
718,187697,NA,280.0,430,22,2,0,52.521384
719,187977,NA,170.0,270,14,3,0,52.559655
720,188233,NA,190.0,290,14,3,0,52.595894
721,188489,NA,170.0,270,14,3,0,52.897634
722,188801,NA,140.0,340,16,1,0,52.943144
723,189057,NA,130.0,230,13,3,0,52.980368
724,189313,NA,60.0,210,12,2,0,53.013864
725,189569,NA,110.0,210,12,3,0,53.050824
726,189849,NA,140.0,290,16,2,0,53.093069
727,190105,NA,60.0,210,12,2,0,53.130604
728,190361,NA,80.0,230,12,2,0,53.166587
729,190641,NA,190.0,290,14,3,0,53.501666
730,191017,NA,250.0,400,21,2,0,53.556162
731,191273,NA,60.0,260,12,1,0,53.592967
732,191529,NA,150.0,250,13,3,0,53.62666
733,191785,NA,160.0,260,14,3,0,53.659556
734,192041,NA,150.0,250,13,3,0,53.693249
735,192297,NA,100.0,250,12,2,0,53.731073
736,192553,NA,130.0,230,12,3,0,54.055315
737,192809,NA,130.0,230,13,3,0,54.091972
738,193217,NA,280.0,430,22,2,0,54.146445
739,193473,NA,140.0,240,13,3,0,54.182668
740,193729,NA,190.0,290,15,3,0,54.215588
741,193985,NA,110.0,260,14,2,0,54.248807
742,194241,NA,160.0,260,13,3,0,54.281881
743,194545,NA,280.0,380,20,3,0,54.320843
744,194801,NA,200.0,300,15,3,0,54.613413
745,195057,NA,180.0,280,15,3,0,54.646449
746,195385,NA,220.0,320,17,3,0,54.689169
747,195641,NA,220.0,320,16,3,0,54.723544
748,195897,NA,150.0,250,14,3,0,54.759853
749,196153,NA,180.0,280,15,3,0,54.792625
750,196409,NA,180.0,280,16,3,0,54.827485
751,196777,NA,340.0,440,22,3,0,55.147211
752,197033,NA,180.0,280,15,3,0,55.183895
753,197313,NA,210.0,310,17,3,0,55.223998
754,197569,NA,30.0,230,12,1,0,55.258085
755,198041,NA,360.0,460,23,3,0,55.32252
756,198345,NA,120.0,320,17,1,0,55.362874
757,198601,NA,190.0,290,14,3,0,55.397436
758,198857,NA,150.0,250,14,3,0,55.696036
759,199113,NA,160.0,260,13,3,0,55.729197
760,199369,NA,130.0,230,11,3,0,55.762228
761,199649,NA,180.0,330,17,2,0,55.798654
762,199905,NA,250.0,350,17,3,0,55.831976
763,200161,NA,150.0,250,13,3,0,55.865265
764,200441,NA,220.0,320,17,3,0,55.901472
765,200785,NA,240.0,340,19,3,0,56.207921
766,201041,NA,80.0,180,9,3,0,56.241496
767,201297,NA,120.0,270,14,2,0,56.274961
768,201553,NA,200.0,300,15,3,0,56.308288
769,201833,NA,160.0,260,14,3,0,56.344651
770,202089,NA,170.0,270,13,3,0,56.377636
771,202369,NA,180.0,330,16,2,0,56.41365
772,202625,NA,200.0,350,18,2,0,56.446639
773,202881,NA,150.0,250,13,3,0,56.747136
774,203137,NA,230.0,330,17,3,0,56.78419
775,203393,NA,240.0,340,16,3,0,56.823197
776,203649,NA,170.0,270,14,3,0,56.860155
777,203905,NA,130.0,230,12,3,0,56.893551
778,204161,NA,160.0,260,15,3,0,56.926784
779,204417,NA,140.0,240,12,3,0,56.960103
780,204721,NA,250.0,350,19,3,0,56.999654
781,204977,NA,180.0,280,14,3,0,57.295963
782,205233,NA,190.0,290,14,3,0,57.329564
783,205513,NA,80.0,230,11,2,0,57.365955
784,205769,NA,120.0,220,12,3,0,57.399616
785,206025,NA,200.0,300,15,3,0,57.433094
786,206465,NA,270.0,420,22,2,0,57.494276
787,206721,NA,130.0,230,13,3,0,57.527904
788,206977,NA,180.0,330,17,2,0,57.824023
789,207233,NA,140.0,240,12,3,0,57.858019
790,207489,NA,200.0,300,16,3,0,57.891513
791,207769,NA,200.0,300,16,3,0,57.927992
792,208025,NA,230.0,330,16,3,0,57.961333
793,208305,NA,180.0,280,16,3,0,57.997868
794,208561,NA,180.0,280,14,3,0,58.031136
795,208817,NA,120.0,220,12,3,0,58.064646
796,209073,NA,250.0,350,18,3,0,58.35885
797,209329,NA,110.0,210,12,3,0,58.3923
798,209585,NA,200.0,300,16,3,0,58.425737
799,209841,NA,260.0,360,17,3,0,58.458873
800,210121,NA,240.0,340,18,3,0,58.4988
801,210377,NA,120.0,220,11,3,0,58.53333
802,210813,NA,580.0,580,24,3,1,58.593053
803,211093,NA,150.0,250,13,3,0,58.908961
804,211349,NA,180.0,280,15,3,0,58.942366
805,211605,NA,230.0,330,17,3,0,58.975942
806,211861,NA,130.0,230,13,3,0,59.009873
807,212117,NA,140.0,240,13,3,0,59.043218
808,212373,NA,110.0,260,13,2,0,59.076842
809,212629,NA,180.0,280,15,3,0,59.11308
810,212885,NA,130.0,280,14,2,0,59.150005
811,213141,NA,150.0,250,13,3,0,59.47836
812,213397,NA,140.0,240,14,3,0,59.511727
813,213669,NA,220.0,370,18,2,0,59.54722
814,213949,NA,150.0,250,13,3,0,59.58394
815,214205,NA,130.0,230,13,3,0,59.6173
816,214461,NA,190.0,290,15,3,0,59.650367
817,214717,NA,140.0,240,12,3,0,59.683691
818,215005,NA,240.0,340,19,3,0,59.720944
819,215261,NA,120.0,270,14,2,0,60.017819
820,215517,NA,200.0,300,15,3,0,60.052312
821,215773,NA,40.0,190,12,2,0,60.089586
822,216029,NA,130.0,230,12,3,0,60.124132
823,216285,NA,40.0,190,11,2,0,60.15739
824,216541,NA,100.0,200,10,3,0,60.190356
825,216797,NA,190.0,290,15,3,0,60.223415
826,217053,NA,100.0,250,14,2,0,60.256668
827,217309,NA,150.0,250,13,3,0,60.556873
828,217589,NA,160.0,260,13,3,0,60.59319
829,217845,NA,190.0,290,15,3,0,60.626248
830,218101,NA,130.0,280,14,2,0,60.663038
831,218357,NA,160.0,260,14,3,0,60.698303
832,218613,NA,180.0,280,14,3,0,60.731285
833,218957,NA,260.0,360,19,3,0,60.775742
834,219213,NA,120.0,270,14,2,0,61.077849
835,219565,NA,270.0,370,20,3,0,61.126207
836,219845,NA,220.0,320,16,3,0,61.166407
837,220101,NA,180.0,280,14,3,0,61.199722
838,220357,NA,80.0,280,14,1,0,61.23622
839,220613,NA,110.0,260,13,2,0,61.271314
840,220869,NA,150.0,250,14,3,0,61.3047
841,221125,NA,160.0,260,14,3,0,61.338497
842,221381,NA,200.0,300,14,3,0,61.641343
843,221637,NA,170.0,270,15,3,0,61.674835
844,221941,NA,280.0,380,20,3,0,61.714406
845,222197,NA,150.0,250,12,3,0,61.747831
846,222453,NA,90.0,190,10,3,0,61.781109
847,222733,NA,140.0,240,12,3,0,61.817443
848,222989,NA,130.0,230,14,3,0,61.852398
849,223245,NA,130.0,230,11,3,0,62.174952
850,223525,NA,150.0,300,16,2,0,62.212567
851,223781,NA,220.0,320,16,3,0,62.245955
852,224037,NA,150.0,250,14,3,0,62.279016
853,224293,NA,170.0,270,14,3,0,62.312424
854,224549,NA,130.0,230,13,3,0,62.34562
855,224853,NA,200.0,350,18,2,0,62.38492
856,225109,NA,290.0,390,19,3,0,62.418059
857,225365,NA,40.0,190,11,2,0,62.707898
858,225621,NA,160.0,260,14,3,0,62.739829
859,225877,NA,100.0,200,10,3,0,62.771607
860,226133,NA,160.0,260,14,3,0,62.803067
861,226413,NA,170.0,270,15,3,0,62.83786
862,226669,NA,180.0,280,14,3,0,62.869529
863,226925,NA,230.0,330,17,3,0,62.901168
864,227181,NA,100.0,250,12,2,0,62.932867
865,227461,NA,180.0,280,15,3,0,63.221213
866,227717,NA,90.0,240,14,2,0,63.253264
867,227973,NA,150.0,250,14,3,0,63.284977
868,228253,NA,200.0,300,16,3,0,63.319409
869,228509,NA,180.0,280,15,3,0,63.350811
870,228875,NA,530.0,580,24,2,1,63.395936
871,229275,NA,320.0,420,22,3,0,63.445121
872,229531,NA,170.0,270,15,3,0,63.726827
873,229883,NA,230.0,380,19,2,0,63.771357
874,230195,NA,180.0,280,16,3,0,63.809643
875,230451,NA,180.0,280,15,3,0,63.841269
876,230707,NA,130.0,280,14,2,0,63.872687
877,230963,NA,70.0,170,10,3,0,63.904314
878,231219,NA,90.0,290,15,1,0,63.936273
879,231531,NA,240.0,340,18,3,0,64.222812
880,231811,NA,160.0,260,13,3,0,64.258007
881,232067,NA,80.0,230,11,2,0,64.289787
882,232323,NA,160.0,310,15,2,0,64.321856
883,232603,NA,210.0,310,17,3,0,64.35663
884,232883,NA,200.0,300,16,3,0,64.391673
885,233139,NA,100.0,250,15,2,0,64.423611
886,233395,NA,80.0,230,13,2,0,64.455527
887,233651,NA,220.0,320,17,3,0,64.747545
888,233907,NA,160.0,260,14,3,0,64.779597
889,234187,NA,230.0,330,17,3,0,64.814615
890,234443,NA,200.0,300,14,3,0,64.84656
891,234755,NA,310.0,410,20,3,0,64.885495
892,235035,NA,200.0,350,18,2,0,64.920448
893,235291,NA,100.0,250,14,2,0,64.952023
894,235547,NA,260.0,360,17,3,0,65.249021
895,235803,NA,80.0,230,12,2,0,65.28205
896,236083,NA,110.0,260,15,2,0,65.316564
897,236339,NA,150.0,250,14,3,0,65.348567
898,236619,NA,200.0,300,15,3,0,65.383078
899,236875,NA,110.0,260,13,2,0,65.414752
900,237131,NA,200.0,300,16,3,0,65.446577
901,237387,NA,40.0,190,12,2,0,65.477928
902,237643,NA,130.0,230,12,3,0,65.759145
903,237923,NA,280.0,380,20,3,0,65.795398
904,238235,NA,140.0,290,16,2,0,65.83379
905,238547,NA,250.0,350,18,3,0,65.872086
906,238803,NA,110.0,260,13,2,0,65.904646
907,239083,NA,250.0,350,18,3,0,65.940418
908,239363,NA,150.0,250,14,3,0,65.976389
909,239675,NA,280.0,380,20,3,0,66.276564
910,239931,NA,90.0,190,11,3,0,66.309929
911,240211,NA,190.0,290,15,3,0,66.346165
912,240587,NA,300.0,400,21,3,0,66.394706
913,240867,NA,190.0,340,18,2,0,66.43089
914,241123,NA,190.0,290,15,3,0,66.464127
915,241379,NA,70.0,220,12,2,0,66.497177
916,241635,NA,140.0,240,13,3,0,66.530168
917,241915,NA,180.0,280,15,3,0,66.826622
918,242171,NA,180.0,280,16,3,0,66.859906
919,242427,NA,120.0,270,14,2,0,66.893144
920,242683,NA,130.0,230,12,3,0,66.926002
921,242939,NA,200.0,300,15,3,0,66.960539
922,243195,NA,130.0,230,13,3,0,66.997633
923,243451,NA,160.0,260,13,3,0,67.036179
924,243731,NA,290.0,390,19,3,0,67.335035
925,243987,NA,110.0,260,14,2,0,67.368799
926,244267,NA,210.0,310,16,3,0,67.404743
927,244523,NA,180.0,280,15,3,0,67.437644
928,244779,NA,180.0,280,14,3,0,67.470949
929,245035,NA,120.0,270,14,2,0,67.507815
930,245291,NA,210.0,310,17,3,0,67.544707
931,245571,NA,150.0,250,14,3,0,67.582764
932,245851,NA,110.0,260,13,2,0,67.88877
933,246131,NA,220.0,320,17,3,0,67.925124
934,246411,NA,150.0,250,13,3,0,67.962668
935,246667,NA,170.0,270,14,3,0,67.999933
936,246995,NA,280.0,380,19,3,0,68.047064
937,247251,NA,10.0,160,9,2,0,68.080227
938,247507,NA,210.0,310,16,3,0,68.11506
939,247763,NA,170.0,270,15,3,0,68.152051
940,248043,NA,210.0,310,17,3,0,68.455795
941,248299,NA,170.0,320,16,2,0,68.490313
942,248579,NA,170.0,270,15,3,0,68.530358
943,248835,NA,160.0,260,14,3,0,68.563385
944,249091,NA,220.0,320,16,3,0,68.598547
945,249347,NA,220.0,320,16,3,0,68.635455
946,249603,NA,130.0,230,12,3,0,68.672543
947,249859,NA,80.0,230,12,2,0,68.972438
948,250115,NA,150.0,250,13,3,0,69.006579
949,250371,NA,150.0,300,15,2,0,69.043505
950,250651,NA,200.0,300,16,3,0,69.083925
951,250931,NA,200.0,300,16,3,0,69.122295
952,251243,NA,210.0,360,19,2,0,69.16355
953,251547,NA,210.0,360,19,2,0,69.206998
954,251803,NA,210.0,310,15,3,0,69.24382
955,252059,NA,210.0,310,16,3,0,69.561914
956,252315,NA,230.0,330,16,3,0,69.596376
957,252571,NA,180.0,280,14,3,0,69.633245
958,252899,NA,220.0,370,19,2,0,69.6809
959,253203,NA,270.0,370,19,3,0,69.720414
960,253459,NA,150.0,250,13,3,0,69.753499
961,253771,NA,250.0,350,19,3,0,69.793702
962,254027,NA,80.0,230,12,2,0,70.10705
963,254387,NA,290.0,390,19,3,0,70.159355
964,254643,NA,160.0,260,13,3,0,70.193564
965,254899,NA,190.0,290,16,3,0,70.226839
966,255211,NA,200.0,350,19,2,0,70.267136
967,255515,NA,200.0,300,16,3,0,70.306113
968,255795,NA,260.0,360,18,3,0,70.345736
969,256099,NA,180.0,330,17,2,0,70.665887
970,256379,NA,170.0,270,15,3,0,70.702861
971,256635,NA,110.0,260,14,2,0,70.736071
972,256891,NA,180.0,280,14,3,0,70.769233
973,257147,NA,70.0,220,12,2,0,70.802326
974,257403,NA,170.0,270,14,3,0,70.835
975,257659,NA,160.0,310,16,2,0,70.871528
976,257963,NA,220.0,370,19,2,0,70.915147
977,258219,NA,130.0,280,15,2,0,71.225743
978,258547,NA,230.0,330,17,3,0,71.268524
979,258803,NA,170.0,270,13,3,0,71.301269
980,259059,NA,140.0,240,13,3,0,71.335954
981,259363,NA,240.0,340,17,3,0,71.379583
982,259619,NA,140.0,240,13,3,0,71.416506
983,259875,NA,230.0,330,16,3,0,71.453244
984,260131,NA,90.0,240,13,2,0,71.757731
985,260387,NA,170.0,270,13,3,0,71.791776
986,260643,NA,210.0,310,16,3,0,71.825524
987,260899,NA,140.0,290,16,2,0,71.85893
988,261155,NA,60.0,210,11,2,0,71.892128
989,261411,NA,150.0,250,14,3,0,71.925205
990,261667,NA,160.0,260,15,3,0,71.958474
991,261923,NA,170.0,270,14,3,0,71.991694
992,262179,NA,190.0,290,15,3,0,72.301848
993,262459,NA,190.0,340,18,2,0,72.338736
994,262715,NA,200.0,300,15,3,0,72.371826
995,263043,NA,200.0,300,15,3,0,72.414281
996,263323,NA,220.0,320,17,3,0,72.45009
997,263635,NA,280.0,380,19,3,0,72.49037
998,263891,NA,230.0,330,16,3,0,72.523452
999,264147,NA,80.0,230,12,2,0,72.556539
1000,264403,NA,160.0,260,15,3,0,72.85001
1001,264659,NA,210.0,310,16,3,0,72.883367
1002,264915,NA,90.0,190,10,3,0,72.916677
1003,265195,NA,230.0,330,17,3,0,72.952828
1004,265451,NA,120.0,220,13,3,0,72.985981
1005,265707,NA,260.0,360,18,3,0,73.019708
1006,265963,NA,190.0,290,15,3,0,73.053035
1007,266275,NA,280.0,380,19,3,0,73.383691
1008,266531,NA,200.0,300,14,3,0,73.422142
1009,266787,NA,140.0,240,12,3,0,73.457267
1010,267043,NA,200.0,300,15,3,0,73.490393
1011,267299,NA,150.0,250,13,3,0,73.526787
1012,267579,NA,190.0,340,18,2,0,73.566803
1013,267835,NA,230.0,330,16,3,0,73.601929
1014,268091,NA,200.0,300,15,3,0,73.634533
1015,268347,NA,150.0,300,14,2,0,73.933587
1016,268699,NA,280.0,430,22,2,0,73.97951
1017,268955,NA,120.0,220,11,3,0,74.013069
1018,269211,NA,200.0,300,15,3,0,74.046096
1019,269491,NA,130.0,230,12,3,0,74.083949
1020,269747,NA,140.0,290,14,2,0,74.12044
1021,270107,NA,320.0,420,21,3,0,74.166683
1022,270363,NA,180.0,330,17,2,0,74.470711
1023,270619,NA,280.0,380,18,3,0,74.504747
1024,270875,NA,180.0,280,14,3,0,74.537869
1025,271131,NA,240.0,340,17,3,0,74.570952
1026,271483,NA,240.0,390,20,2,0,74.616219
1027,271739,NA,30.0,180,10,2,0,74.649365
1028,271995,NA,240.0,340,17,3,0,74.682562
1029,272251,NA,200.0,300,15,3,0,74.715946
1030,272507,NA,150.0,250,12,3,0,75.031814
1031,272763,NA,100.0,200,12,3,0,75.065293
1032,273211,NA,270.0,420,22,2,0,75.122917
1033,273467,NA,150.0,300,15,2,0,75.156259
1034,273771,NA,220.0,370,19,2,0,75.195915
1035,274027,NA,220.0,320,16,3,0,75.228593
1036,274283,NA,150.0,250,13,3,0,75.262343
1037,274539,NA,190.0,290,15,3,0,75.574802
1038,274819,NA,160.0,310,16,2,0,75.611361
1039,275075,NA,120.0,220,12,3,0,75.644514
1040,275331,NA,220.0,320,16,3,0,75.677702
1041,275707,NA,300.0,400,21,3,0,75.726474
1042,276011,NA,200.0,300,16,3,0,75.765441
1043,276267,NA,200.0,300,15,3,0,75.79845
1044,276523,NA,190.0,290,14,3,0,76.111845
1045,276843,NA,270.0,370,19,3,0,76.154552
1046,277123,NA,200.0,300,15,3,0,76.19525
1047,277451,NA,140.0,340,18,1,0,76.242372
1048,277707,NA,180.0,280,14,3,0,76.275463
1049,278035,NA,300.0,450,22,2,0,76.317868
1050,278315,NA,140.0,240,14,3,0,76.354057
1051,278571,NA,240.0,340,17,3,0,76.656113
1052,278827,NA,180.0,280,13,3,0,76.694
1053,279083,NA,140.0,240,13,3,0,76.73017
1054,279339,NA,180.0,280,14,3,0,76.763194
1055,279595,NA,180.0,280,14,3,0,76.79958
1056,279851,NA,70.0,170,9,3,0,76.836941
1057,280107,NA,200.0,300,15,3,0,76.873335
1058,280459,NA,280.0,380,20,3,0,76.918756
1059,280715,NA,230.0,330,16,3,0,77.224276
1060,280971,NA,170.0,270,13,3,0,77.265995
1061,281227,NA,240.0,340,17,3,0,77.302776
1062,281483,NA,200.0,300,14,3,0,77.339653
1063,281811,NA,250.0,350,17,3,0,77.38711
1064,282067,NA,170.0,270,14,3,0,77.421076
1065,282323,NA,170.0,270,15,3,0,77.455339
1066,282579,NA,180.0,280,16,3,0,77.492046
1067,282835,NA,160.0,260,14,3,0,77.793806
1068,283139,NA,200.0,300,15,3,0,77.833257
1069,283395,NA,190.0,290,15,3,0,77.87009
1070,283699,NA,170.0,270,15,3,0,77.913843
1071,283955,NA,170.0,270,13,3,0,77.94787
1072,284211,NA,180.0,280,14,3,0,77.981617
1073,284467,NA,170.0,270,14,3,0,78.01953
1074,284723,NA,230.0,330,16,3,0,78.326193
1075,285003,NA,140.0,290,16,2,0,78.362642
1076,285259,NA,170.0,270,13,3,0,78.396107
1077,285515,NA,220.0,320,16,3,0,78.429286
1078,285771,NA,200.0,300,16,3,0,78.462818
1079,286027,NA,200.0,300,15,3,0,78.499577
1080,286283,NA,170.0,270,14,3,0,78.532953
1081,286539,NA,190.0,290,15,3,0,78.567481
1082,286795,NA,220.0,320,17,3,0,78.872592
1083,287051,NA,0.0,150,9,2,0,78.906554
1084,287307,NA,160.0,360,18,1,0,78.940031
1085,287563,NA,170.0,270,14,3,0,78.973655
1086,287819,NA,220.0,320,16,3,0,79.007135
1087,288272,NA,580.0,580,24,3,1,79.069366
1088,288584,NA,310.0,410,21,3,0,79.114501
1089,288840,NA,260.0,360,18,3,0,79.441423
1090,289096,NA,80.0,230,13,2,0,79.479658
1091,289352,NA,180.0,280,15,3,0,79.517147
1092,289696,NA,230.0,380,20,2,0,79.566652
1093,289952,NA,130.0,230,12,3,0,79.599987
1094,290208,NA,200.0,300,15,3,0,79.634829
1095,290464,NA,210.0,310,15,3,0,79.670501
1096,290720,NA,140.0,240,13,3,0,79.70358
1097,290976,NA,150.0,300,16,2,0,80.01525
1098,291232,NA,180.0,280,14,3,0,80.048787
1099,291592,NA,320.0,420,21,3,0,80.095628
1100,291848,NA,160.0,310,15,2,0,80.129406
1101,292104,NA,160.0,260,14,3,0,80.162605
1102,292360,NA,60.0,260,15,1,0,80.196352
1103,292640,NA,160.0,310,16,2,0,80.236644
1104,292896,NA,140.0,240,13,3,0,80.531526
1105,293200,NA,190.0,340,18,2,0,80.571598
1106,293480,NA,150.0,250,14,3,0,80.607886
1107,293760,NA,150.0,300,16,2,0,80.644361
1108,294016,NA,90.0,240,12,2,0,80.677812
1109,294272,NA,110.0,210,12,3,0,80.711419
1110,294672,NA,310.0,460,23,2,0,80.767894
1111,294928,NA,190.0,290,16,3,0,81.064494
1112,295232,NA,220.0,320,17,3,0,81.105269
1113,295488,NA,160.0,260,13,3,0,81.142096
1114,295744,NA,150.0,250,13,3,0,81.176673
1115,296000,NA,130.0,230,13,3,0,81.209903
1116,296256,NA,170.0,270,14,3,0,81.243507
1117,296560,NA,260.0,360,19,3,0,81.28278
1118,296816,NA,170.0,270,14,3,0,81.317448
1119,297072,NA,220.0,320,16,3,0,81.613887
1120,297328,NA,90.0,240,12,2,0,81.64776
1121,297608,NA,250.0,350,18,3,0,81.684538
1122,297888,NA,200.0,300,16,3,0,81.720724
1123,298144,NA,120.0,220,13,3,0,81.753518
1124,298400,NA,120.0,220,11,3,0,81.786842
1125,298656,NA,160.0,260,12,3,0,81.824065
1126,298912,NA,190.0,290,15,3,0,81.857881
1127,299168,NA,200.0,300,15,3,0,82.159088
1128,299424,NA,170.0,270,14,3,0,82.192708
1129,299680,NA,140.0,290,14,2,0,82.226238
1130,299936,NA,130.0,230,12,3,0,82.259451
1131,300216,NA,210.0,310,16,3,0,82.300033
1132,300472,NA,240.0,340,17,3,0,82.336831
1133,300752,NA,180.0,330,17,2,0,82.37917
1134,301008,NA,180.0,280,14,3,0,82.412069
1135,301264,NA,170.0,320,16,2,0,82.709383
1136,301520,NA,160.0,260,13,3,0,82.742457
1137,301776,NA,230.0,330,16,3,0,82.775618
1138,302032,NA,200.0,300,16,3,0,82.808738
1139,302288,NA,180.0,280,14,3,0,82.841845
1140,302544,NA,240.0,340,17,3,0,82.875087
1141,302800,NA,150.0,250,14,3,0,82.907901
1142,303056,NA,120.0,220,12,3,0,82.941263
1143,303312,NA,40.0,290,16,0,0,83.266522
1144,303672,NA,350.0,450,22,3,0,83.313886
1145,303928,NA,170.0,270,14,3,0,83.347419
1146,304208,NA,210.0,310,16,3,0,83.383674
1147,304488,NA,220.0,320,17,3,0,83.420303
1148,304744,NA,120.0,270,13,2,0,83.457322
1149,305000,NA,240.0,340,17,3,0,83.491364
1150,305304,NA,210.0,310,16,3,0,83.817517
1151,305560,NA,120.0,220,13,3,0,83.855131
1152,305840,NA,210.0,310,17,3,0,83.896003
1153,306096,NA,170.0,270,15,3,0,83.933199
1154,306400,NA,180.0,280,15,3,0,83.974225
1155,306656,NA,200.0,300,15,3,0,84.007794
1156,307008,NA,310.0,410,21,3,0,84.053518
1157,307320,NA,210.0,310,17,3,0,84.35668
1158,307624,NA,230.0,330,17,3,0,84.396024
1159,307880,NA,200.0,300,16,3,0,84.429542
1160,308160,NA,190.0,290,15,3,0,84.466014
1161,308416,NA,180.0,280,15,3,0,84.499171
1162,308672,NA,110.0,260,15,2,0,84.532421
1163,308976,NA,210.0,310,16,3,0,84.571804
1164,309232,NA,190.0,290,13,3,0,84.607969
1165,309488,NA,200.0,300,15,3,0,84.912213
1166,309768,NA,250.0,350,18,3,0,84.948796
1167,310024,NA,250.0,350,18,3,0,84.982219
1168,310280,NA,200.0,300,15,3,0,85.015974
1169,310536,NA,170.0,270,14,3,0,85.049267
1170,310816,NA,220.0,320,16,3,0,85.085837
1171,311096,NA,140.0,290,15,2,0,85.122126
1172,311352,NA,170.0,270,14,3,0,85.423105
1173,311608,NA,150.0,250,13,3,0,85.456865
1174,311864,NA,230.0,330,16,3,0,85.490066
1175,312144,NA,170.0,320,17,2,0,85.526397
1176,312400,NA,260.0,360,17,3,0,85.559394
1177,312656,NA,120.0,270,14,2,0,85.59251
1178,312912,NA,200.0,300,15,3,0,85.625323
1179,313168,NA,210.0,310,16,3,0,85.658294
1180,313448,NA,260.0,360,19,3,0,85.963326
1181,313704,NA,50.0,200,11,2,0,85.997757
1182,313960,NA,90.0,240,13,2,0,86.032893
1183,314216,NA,40.0,190,11,2,0,86.070252
1184,314472,NA,20.0,220,12,1,0,86.107473
1185,314728,NA,210.0,310,15,3,0,86.141709
1186,314984,NA,170.0,270,14,3,0,86.175364
1187,315240,NA,230.0,330,16,3,0,86.208708
1188,315496,NA,230.0,330,16,3,0,86.515617
1189,315752,NA,170.0,320,16,2,0,86.549555
1190,316080,NA,220.0,320,17,3,0,86.592807
1191,316336,NA,130.0,280,15,2,0,86.626117
1192,316664,NA,230.0,330,17,3,0,86.668645
1193,316920,NA,160.0,310,16,2,0,86.702014
1194,317313,NA,530.0,580,24,2,1,86.752536
1195,317569,NA,240.0,340,17,3,0,87.046066
1196,317849,NA,230.0,330,17,3,0,87.082591
1197,318105,NA,110.0,260,14,2,0,87.115617
1198,318361,NA,140.0,240,13,3,0,87.148655
1199,318617,NA,180.0,280,15,3,0,87.18173
1200,318873,NA,150.0,250,13,3,0,87.214653
1201,319129,NA,190.0,290,15,3,0,87.24662
1202,319385,NA,180.0,280,14,3,0,87.278109
1203,319665,NA,180.0,280,16,3,0,87.578476
1204,319921,NA,200.0,300,15,3,0,87.6105
1205,320177,NA,180.0,280,14,3,0,87.642024
1206,320433,NA,210.0,310,16,3,0,87.673675
1207,320689,NA,200.0,300,15,3,0,87.705397
1208,320945,NA,150.0,250,12,3,0,87.736879
1209,321409,NA,350.0,450,23,3,0,87.79385
1210,321665,NA,230.0,330,17,3,0,88.072815
1211,321921,NA,250.0,350,18,3,0,88.10481
1212,322177,NA,190.0,290,15,3,0,88.136678
1213,322505,NA,280.0,380,19,3,0,88.177174
1214,322761,NA,70.0,220,13,2,0,88.208806
1215,323017,NA,110.0,210,11,3,0,88.240482
1216,323273,NA,110.0,260,14,2,0,88.27184
1217,323529,NA,200.0,300,16,3,0,88.303074
1218,323809,NA,100.0,250,13,2,0,88.582823
1219,324065,NA,150.0,250,13,3,0,88.614962
1220,324321,NA,180.0,280,15,3,0,88.646557
1221,324577,NA,170.0,270,15,3,0,88.678381
1222,324833,NA,240.0,340,17,3,0,88.711105
1223,325161,NA,280.0,380,20,3,0,88.751602
1224,325417,NA,250.0,350,17,3,0,88.784225
1225,325673,NA,220.0,320,17,3,0,89.080744
1226,326001,NA,220.0,320,17,3,0,89.123009
1227,326257,NA,190.0,290,16,3,0,89.155439
1228,326609,NA,190.0,390,20,1,0,89.199828
1229,326865,NA,180.0,280,15,3,0,89.23146
1230,327121,NA,230.0,330,16,3,0,89.263397
1231,327377,NA,190.0,290,15,3,0,89.294892
1232,327633,NA,90.0,240,11,2,0,89.32656
1233,327889,NA,240.0,340,17,3,0,89.619535
1234,328169,NA,150.0,250,13,3,0,89.654438
1235,328425,NA,200.0,300,16,3,0,89.68677
1236,328737,NA,220.0,320,17,3,0,89.725994
1237,329153,NA,310.0,410,21,3,0,89.778257
1238,329409,NA,170.0,270,14,3,0,89.809901
1239,329665,NA,150.0,250,13,3,0,89.841249
1240,329921,NA,210.0,310,15,3,0,90.121055
1241,330201,NA,280.0,380,19,3,0,90.155513
1242,330457,NA,180.0,280,14,3,0,90.187074
1243,330937,NA,360.0,460,23,3,0,90.246286
1244,331193,NA,150.0,250,13,3,0,90.277861
1245,331449,NA,200.0,300,15,3,0,90.309255
1246,331705,NA,120.0,220,12,3,0,90.340632
1247,331961,NA,220.0,320,15,3,0,90.631619
1248,332217,NA,200.0,300,16,3,0,90.665241
1249,332473,NA,190.0,290,14,3,0,90.698651
1250,332729,NA,100.0,250,13,2,0,90.732222
1251,332985,NA,170.0,270,14,3,0,90.765345
1252,333241,NA,240.0,340,17,3,0,90.798277
1253,333497,NA,170.0,270,14,3,0,90.831646
1254,333753,NA,150.0,300,15,2,0,90.864712
1255,334009,NA,210.0,310,17,3,0,91.159152
1256,334265,NA,100.0,200,12,3,0,91.193087
1257,334521,NA,140.0,240,12,3,0,91.226583
1258,334801,NA,260.0,360,18,3,0,91.262791
1259,335081,NA,30.0,230,13,1,0,91.298849
1260,335361,NA,230.0,330,17,3,0,91.335178
1261,335665,NA,260.0,410,20,2,0,91.374543
1262,335969,NA,210.0,310,16,3,0,91.673324
1263,336225,NA,200.0,300,15,3,0,91.707003
1264,336481,NA,200.0,300,15,3,0,91.740325
1265,336761,NA,200.0,300,16,3,0,91.776585
1266,337017,NA,140.0,240,14,3,0,91.809658
1267,337273,NA,150.0,250,11,3,0,91.842781
1268,337529,NA,230.0,330,16,3,0,91.87574
1269,337833,NA,200.0,350,18,2,0,91.914757
1270,338089,NA,140.0,240,14,3,0,92.214413
1271,338345,NA,160.0,260,14,3,0,92.248934
1272,338601,NA,190.0,290,15,3,0,92.285805
1273,338857,NA,230.0,330,16,3,0,92.31903
1274,339201,NA,310.0,410,19,3,0,92.366898
1275,339481,NA,210.0,310,17,3,0,92.407573
1276,339737,NA,200.0,300,16,3,0,92.442512
1277,340097,NA,220.0,370,19,2,0,92.777393
1278,340353,NA,180.0,280,14,3,0,92.811133
1279,340609,NA,180.0,280,15,3,0,92.847721
1280,340865,NA,220.0,320,16,3,0,92.88458
1281,341121,NA,130.0,230,12,3,0,92.921271
1282,341377,NA,200.0,300,15,3,0,92.957661
1283,341681,NA,150.0,250,13,3,0,92.9968
1284,341937,NA,240.0,340,17,3,0,93.033294
1285,342193,NA,170.0,270,14,3,0,93.356968
1286,342449,NA,180.0,280,14,3,0,93.394357
1287,342705,NA,170.0,270,13,3,0,93.431113
1288,342961,NA,170.0,320,16,2,0,93.467814
1289,343313,NA,300.0,400,20,3,0,93.519088
1290,343641,NA,240.0,340,18,3,0,93.562753
1291,343897,NA,190.0,290,15,3,0,93.5958
1292,344217,NA,80.0,330,18,0,0,93.926924
1293,344473,NA,230.0,330,16,3,0,93.964314
1294,344729,NA,220.0,320,16,3,0,94.001343
1295,344985,NA,260.0,360,18,3,0,94.036112
1296,345289,NA,190.0,290,15,3,0,94.07555
1297,345545,NA,220.0,320,16,3,0,94.10852
1298,345873,NA,200.0,350,18,2,0,94.154826
1299,346129,NA,190.0,290,14,3,0,94.469901
1300,346385,NA,190.0,290,14,3,0,94.503698
1301,346641,NA,210.0,310,15,3,0,94.537001
1302,346897,NA,200.0,300,15,3,0,94.570227
1303,347153,NA,130.0,280,13,2,0,94.60358
1304,347409,NA,190.0,290,15,3,0,94.636619
1305,347665,NA,140.0,290,14,2,0,94.672985
1306,347921,NA,140.0,240,12,3,0,94.710179
1307,348321,NA,280.0,380,19,3,0,95.035921
1308,348577,NA,210.0,310,15,3,0,95.069245
1309,348833,NA,220.0,320,16,3,0,95.105853
1310,349217,NA,320.0,420,22,3,0,95.16145
1311,349473,NA,150.0,300,15,2,0,95.195359
1312,350033,NA,300.0,450,23,2,0,95.272829
1313,350337,NA,180.0,280,15,3,0,95.583322
1314,350593,NA,170.0,270,14,3,0,95.617937
1315,350873,NA,90.0,240,13,2,0,95.658481
1316,351129,NA,190.0,290,16,3,0,95.69574
1317,351385,NA,160.0,260,14,3,0,95.732664
1318,351713,NA,300.0,450,22,2,0,95.779956
1319,351969,NA,170.0,270,15,3,0,95.81528
1320,352249,NA,240.0,340,18,3,0,95.851381
1321,352809,NA,350.0,450,23,3,0,96.201132
1322,353065,NA,170.0,370,18,1,0,96.237438
1323,353321,NA,220.0,320,16,3,0,96.270629
1324,353577,NA,250.0,350,17,3,0,96.303521
1325,353857,NA,170.0,270,15,3,0,96.339292
1326,354137,NA,180.0,280,15,3,0,96.375375
1327,354393,NA,160.0,260,13,3,0,96.680197
1328,354649,NA,190.0,290,15,3,0,96.713733
1329,354929,NA,230.0,330,17,3,0,96.749948
1330,355185,NA,210.0,310,16,3,0,96.782987
1331,355441,NA,220.0,320,16,3,0,96.816229
1332,355745,NA,280.0,380,20,3,0,96.855278
1333,356001,NA,190.0,290,15,3,0,96.888297
1334,356305,NA,200.0,300,15,3,0,96.927312
1335,356561,NA,140.0,240,13,3,0,97.219735
1336,356817,NA,160.0,260,14,3,0,97.253125
1337,357073,NA,200.0,300,16,3,0,97.286395
1338,357329,NA,190.0,290,16,3,0,97.319632
1339,357657,NA,260.0,360,18,3,0,97.361844
1340,357913,NA,190.0,290,15,3,0,97.394981
1341,358217,NA,170.0,370,18,1,0,97.43401
1342,358473,NA,220.0,320,16,3,0,97.747141
1343,358785,NA,240.0,340,18,3,0,97.78769
1344,359089,NA,220.0,370,19,2,0,97.82684
1345,359345,NA,0.0,200,12,1,0,97.859818
1346,359625,NA,230.0,330,17,3,0,97.895469
1347,359913,NA,280.0,380,19,3,0,97.932513
1348,360217,NA,270.0,370,19,3,0,97.972413
1349,360473,NA,210.0,310,15,3,0,98.280788
1350,360729,NA,190.0,290,15,3,0,98.314688
1351,360985,NA,190.0,290,14,3,0,98.347712
1352,361241,NA,110.0,260,12,2,0,98.38408
1353,361569,NA,250.0,350,18,3,0,98.430931
1354,361825,NA,210.0,310,17,3,0,98.465376
1355,362161,NA,200.0,300,16,3,0,98.508521
1356,362521,NA,330.0,430,22,3,0,98.816693
1357,362777,NA,190.0,290,15,3,0,98.85023
1358,363033,NA,200.0,300,16,3,0,98.883578
1359,363361,NA,230.0,330,17,3,0,98.925989
1360,363617,NA,230.0,330,16,3,0,98.959201
1361,363897,NA,160.0,310,17,2,0,98.995339
1362,364153,NA,210.0,310,15,3,0,99.028914
1363,364481,NA,370.0,470,23,3,0,99.071046
1364,364737,NA,220.0,320,16,3,0,99.376197
1365,365065,NA,230.0,330,17,3,0,99.419445
1366,365321,NA,200.0,300,15,3,0,99.452638
1367,365577,NA,200.0,300,15,3,0,99.485568
1368,365881,NA,190.0,290,15,3,0,99.52515
1369,366137,NA,120.0,220,12,3,0,99.558329
1370,366561,NA,300.0,400,21,3,0,99.612918
1371,366841,NA,240.0,340,18,3,0,99.919315
1372,367121,NA,170.0,270,14,3,0,99.959922
1373,367425,NA,260.0,360,19,3,0,100.002311
1374,367705,NA,280.0,380,19,3,0,100.038992
1375,368033,NA,200.0,300,16,3,0,100.086202
1376,368313,NA,240.0,340,18,3,0,100.122581
1377,368617,NA,230.0,330,17,3,0,100.161517
1378,368945,NA,260.0,360,19,3,0,100.46505
1379,369201,NA,120.0,270,15,2,0,100.501771
1380,369505,NA,150.0,250,14,3,0,100.542623
1381,369793,NA,310.0,410,21,3,0,100.582086
1382,370049,NA,190.0,290,14,3,0,100.619513
1383,370377,NA,220.0,320,16,3,0,100.666168
1384,370633,NA,180.0,280,14,3,0,100.699487
1385,370913,NA,240.0,340,18,3,0,101.008434
1386,371241,NA,180.0,330,17,2,0,101.051914
1387,371521,NA,230.0,330,17,3,0,101.088398
1388,371849,NA,230.0,330,17,3,0,101.131166
1389,372129,NA,180.0,330,17,2,0,101.167224
1390,372441,NA,180.0,380,20,1,0,101.209081
1391,372721,NA,240.0,340,18,3,0,101.249623
1392,373001,NA,240.0,340,17,3,0,101.563321
1393,373257,NA,230.0,330,16,3,0,101.596626
1394,373513,NA,170.0,270,15,3,0,101.629794
1395,373769,NA,150.0,250,13,3,0,101.662691
1396,374025,NA,100.0,250,14,2,0,101.696106
1397,374281,NA,180.0,280,14,3,0,101.729512
1398,374537,NA,180.0,280,15,3,0,101.762765
1399,374793,NA,110.0,210,11,3,0,102.074787
1400,375121,NA,230.0,380,19,2,0,102.121762
1401,375665,NA,320.0,420,22,3,0,102.197125
1402,375921,NA,210.0,310,14,3,0,102.230547
1403,376177,NA,60.0,210,11,2,0,102.263881
1404,376505,NA,310.0,410,21,3,0,102.306452
1405,376761,NA,260.0,360,19,3,0,102.339543
1406,377089,NA,210.0,360,19,2,0,102.648347
1407,377345,NA,150.0,250,13,3,0,102.681684
1408,377601,NA,110.0,260,13,2,0,102.722622
1409,377857,NA,200.0,300,15,3,0,102.759584
1410,378113,NA,120.0,220,10,3,0,102.801065
1411,378369,NA,210.0,310,17,3,0,102.838079
1412,378721,NA,290.0,390,19,3,0,102.888871
1413,379089,NA,260.0,360,19,3,0,103.209094
1414,379369,NA,180.0,280,14,3,0,103.249345
1415,379705,NA,210.0,310,17,3,0,103.298042
1416,380009,NA,230.0,330,17,3,0,103.342146
1417,380265,NA,190.0,290,15,3,0,103.379146
1418,380521,NA,170.0,270,13,3,0,103.416578
1419,380801,NA,220.0,320,16,3,0,103.457331
1420,381057,NA,180.0,280,13,3,0,103.771274
1421,381313,NA,220.0,320,15,3,0,103.808747
1422,381825,NA,270.0,420,22,2,0,103.878559
1423,382081,NA,140.0,240,11,3,0,103.911876
1424,382433,NA,330.0,430,22,3,0,103.957231
1425,382689,NA,170.0,320,16,2,0,103.990484
1426,383017,NA,260.0,360,18,3,0,104.296367
1427,383345,NA,260.0,360,19,3,0,104.339541
1428,383601,NA,140.0,240,12,3,0,104.372766
1429,383857,NA,190.0,290,14,3,0,104.409976
1430,384209,NA,320.0,420,21,3,0,104.460615
1431,384489,NA,140.0,290,15,2,0,104.496896
1432,384745,NA,200.0,300,15,3,0,104.531478
1433,385001,NA,280.0,380,17,3,0,104.567591
1434,385257,NA,190.0,290,15,3,0,104.874132
1435,385513,NA,180.0,280,14,3,0,104.908488
1436,385793,NA,140.0,290,16,2,0,104.948716
1437,386049,NA,270.0,370,19,3,0,104.981875
1438,386305,NA,240.0,340,17,3,0,105.01724
1439,386561,NA,100.0,250,13,2,0,105.053381
1440,386817,NA,270.0,370,18,3,0,105.087053
1441,387161,NA,240.0,340,18,3,0,105.408497
1442,387465,NA,270.0,370,19,3,0,105.448586
1443,387769,NA,230.0,330,16,3,0,105.489157
1444,388025,NA,160.0,260,14,3,0,105.526426
1445,388353,NA,290.0,390,20,3,0,105.568992
1446,388633,NA,180.0,330,16,2,0,105.605271
1447,388889,NA,200.0,300,15,3,0,105.63867
1448,389145,NA,90.0,190,11,3,0,105.945071
1449,389401,NA,80.0,230,13,2,0,105.978937
1450,389657,NA,230.0,330,17,3,0,106.01243
1451,389985,NA,170.0,370,19,1,0,106.055589
1452,390241,NA,140.0,340,17,1,0,106.089038
1453,390497,NA,240.0,340,18,3,0,106.12433
1454,390753,NA,150.0,300,15,2,0,106.160092
1455,391009,NA,250.0,350,18,3,0,106.193065
1456,391337,NA,240.0,340,17,3,0,106.506852
1457,391897,NA,350.0,450,23,3,0,106.57996
1458,392169,NA,160.0,260,13,3,0,106.615288
1459,392577,NA,300.0,450,22,2,0,106.668063
1460,392833,NA,190.0,290,14,3,0,106.704083
1461,393113,NA,200.0,300,16,3,0,106.743074
1462,393497,NA,300.0,400,21,3,0,107.058528
1463,393945,NA,320.0,420,22,3,0,107.116922
1464,394201,NA,90.0,240,12,2,0,107.150348
1465,394457,NA,250.0,350,18,3,0,107.183467
1466,394713,NA,70.0,220,13,2,0,107.21677
1467,395025,NA,310.0,410,21,3,0,107.262218
1468,395377,NA,340.0,440,22,3,0,107.573043
1469,395633,NA,210.0,310,16,3,0,107.606705
1470,396137,NA,350.0,450,23,3,0,107.671741
1471,396657,NA,350.0,450,23,3,0,107.744244
1472,396937,NA,260.0,360,19,3,0,107.78445
1473,397193,NA,190.0,290,13,3,0,107.820614
1474,397473,NA,230.0,330,18,3,0,108.15388
1475,397729,NA,200.0,300,16,3,0,108.187298
1476,398041,NA,210.0,310,17,3,0,108.227289
1477,398513,NA,300.0,400,21,3,0,108.28767
1478,398769,NA,220.0,320,17,3,0,108.32074
1479,399153,NA,200.0,350,19,2,0,108.369937
1480,399433,NA,240.0,340,18,3,0,108.6769
1481,399713,NA,240.0,340,18,3,0,108.718
1482,399969,NA,160.0,260,13,3,0,108.754781
1483,400225,NA,20.0,220,11,1,0,108.787941
1484,400697,NA,360.0,460,23,3,0,108.848819
1485,400977,NA,210.0,310,17,3,0,108.884921
1486,401329,NA,340.0,440,22,3,0,108.930388
1487,401609,NA,270.0,370,19,3,0,109.241622
1488,401865,NA,130.0,280,16,2,0,109.275537
1489,402184,NA,580.0,580,24,3,1,109.316983
1490,402496,NA,220.0,370,20,2,0,109.35747
1491,402808,NA,160.0,260,14,3,0,109.399763
1492,403064,NA,220.0,320,17,3,0,109.435598
1493,403320,NA,240.0,340,17,3,0,109.468705
1494,403576,NA,180.0,280,14,3,0,109.777621
1495,403880,NA,230.0,330,18,3,0,109.817341
1496,404136,NA,240.0,340,17,3,0,109.85084
1497,404674,NA,530.0,580,24,2,1,109.920546
1498,405034,NA,240.0,390,20,2,0,109.967164
1499,405290,NA,230.0,330,17,3,0,110.000154
1500,405546,NA,90.0,240,12,2,0,110.30119
1501,405858,NA,300.0,400,21,3,0,110.342047
1502,406354,NA,320.0,420,22,3,0,110.408203
1503,406610,NA,290.0,390,19,3,0,110.444695
1504,406866,NA,130.0,230,12,3,0,110.477706
1505,407194,NA,280.0,380,20,3,0,110.519978
1506,407450,NA,100.0,300,15,1,0,110.553012
1507,407706,NA,230.0,330,16,3,0,110.851654
1508,407962,NA,280.0,380,20,3,0,110.885235
1509,408218,NA,170.0,270,14,3,0,110.918417
1510,408474,NA,230.0,330,16,3,0,110.951481
1511,408778,NA,220.0,320,16,3,0,110.993509
1512,409106,NA,240.0,390,19,2,0,111.040987
1513,409386,NA,180.0,330,17,2,0,111.079606
1514,409642,NA,140.0,240,11,3,0,111.38899
1515,409898,NA,190.0,290,15,3,0,111.423231
1516,410154,NA,170.0,270,15,3,0,111.456569
1517,410410,NA,230.0,330,16,3,0,111.489703
1518,410722,NA,280.0,380,20,3,0,111.530126
1519,410978,NA,140.0,240,14,3,0,111.563414
1520,411338,NA,320.0,420,21,3,0,111.609987
1521,411594,NA,200.0,300,16,3,0,111.642765
1522,411874,NA,150.0,300,16,2,0,111.945176
1523,412218,NA,290.0,440,21,2,0,111.990058
1524,412530,NA,230.0,330,18,3,0,112.030634
1525,412786,NA,70.0,270,14,1,0,112.063947
1526,413042,NA,200.0,300,17,3,0,112.097493
1527,413298,NA,170.0,270,15,3,0,112.130576
1528,413802,NA,320.0,420,22,3,0,112.45453
1529,414058,NA,200.0,300,15,3,0,112.487947
1530,414314,NA,240.0,340,17,3,0,112.52091
1531,414570,NA,130.0,230,13,3,0,112.554202
1532,415090,NA,200.0,450,23,0,0,112.621395
1533,415346,NA,240.0,340,17,3,0,112.654505
1534,415674,NA,240.0,390,20,2,0,112.696745
1535,415986,NA,250.0,400,21,2,0,113.024655
1536,416242,NA,210.0,310,16,3,0,113.05846
1537,416498,NA,130.0,330,17,1,0,113.092012
1538,416842,NA,200.0,350,19,2,0,113.137268
1539,417122,NA,180.0,280,16,3,0,113.17422
1540,417402,NA,280.0,380,19,3,0,113.211281
1541,417658,NA,130.0,230,13,3,0,113.244185
1542,417914,NA,260.0,360,18,3,0,113.537382
1543,418314,NA,210.0,360,18,2,0,113.589069
1544,418570,NA,150.0,300,14,2,0,113.621828
1545,418826,NA,200.0,300,15,3,0,113.654703
1546,419082,NA,130.0,230,13,3,0,113.687985
1547,419594,NA,350.0,450,23,3,0,113.754188
1548,419930,NA,290.0,440,22,2,0,114.056811
1549,420234,NA,270.0,370,19,3,0,114.09683
1550,420490,NA,200.0,300,15,3,0,114.129915
1551,420842,NA,280.0,430,21,2,0,114.174992
1552,421098,NA,120.0,220,12,3,0,114.207621
1553,421378,NA,180.0,280,15,3,0,114.242237
1554,421842,NA,300.0,450,23,2,0,114.29924
1555,422098,NA,210.0,310,17,3,0,114.577957
1556,422354,NA,210.0,310,16,3,0,114.609713
1557,422666,NA,280.0,380,19,3,0,114.648213
1558,423090,NA,330.0,430,22,3,0,114.700474
1559,423402,NA,270.0,370,20,3,0,114.738787
1560,423706,NA,260.0,360,19,3,0,114.776114
1561,424090,NA,360.0,460,23,3,0,115.070647
1562,424346,NA,200.0,300,15,3,0,115.102605
1563,424602,NA,200.0,300,15,3,0,115.13438
1564,425114,NA,300.0,450,23,2,0,115.197403
1565,425418,NA,230.0,330,17,3,0,115.234944
1566,425785,NA,580.0,580,24,3,1,115.27994
1567,426041,NA,160.0,260,13,3,0,115.557701
1568,426297,NA,190.0,290,15,3,0,115.589734
1569,426553,NA,210.0,310,16,3,0,115.622535
1570,426833,NA,270.0,370,19,3,0,115.657788
1571,427089,NA,140.0,240,14,3,0,115.689624
1572,427425,NA,260.0,360,19,3,0,115.73287
1573,427705,NA,210.0,310,16,3,0,115.767263
1574,428017,NA,210.0,310,16,3,0,115.807726
1575,428345,NA,270.0,370,18,3,0,116.113419
1576,428625,NA,170.0,270,15,3,0,116.148169
1577,428881,NA,180.0,280,15,3,0,116.179619
1578,429249,NA,290.0,390,19,3,0,116.225116
1579,429553,NA,260.0,360,18,3,0,116.262842
1580,429809,NA,220.0,370,19,2,0,116.295441
1581,430265,NA,330.0,430,22,3,0,116.615572
1582,430521,NA,70.0,270,14,1,0,116.648862
1583,430801,NA,240.0,340,17,3,0,116.684502
1584,431105,NA,230.0,330,17,3,0,116.722024
1585,431361,NA,170.0,270,15,3,0,116.753423
1586,431617,NA,210.0,310,16,3,0,116.784797
1587,432113,NA,320.0,420,22,3,0,116.845613
1588,432555,NA,580.0,580,24,3,1,117.149848
1589,432811,NA,240.0,340,17,3,0,117.181579
1590,433331,NA,350.0,450,23,3,0,117.245299
1591,433587,NA,270.0,370,18,3,0,117.2769
1592,433915,NA,270.0,420,21,2,0,117.319034
1593,434195,NA,200.0,350,18,2,0,117.614536
1594,434664,NA,580.0,580,24,3,1,117.67598
1595,435016,NA,240.0,390,20,2,0,117.721484
1596,435272,NA,170.0,270,15,3,0,117.754875
1597,435528,NA,150.0,300,15,2,0,117.78794
1598,435784,NA,240.0,340,18,3,0,117.821115
1599,436040,NA,150.0,250,13,3,0,117.85415
1600,436296,NA,220.0,320,16,3,0,118.166264
1601,436552,NA,200.0,300,15,3,0,118.199807
1602,436808,NA,230.0,330,17,3,0,118.233083
1603,437328,NA,250.0,450,23,1,0,118.299637
1604,437680,NA,310.0,410,20,3,0,118.344631
1605,437984,NA,280.0,430,21,2,0,118.38339
1606,438264,NA,210.0,310,16,3,0,118.419373
1607,438624,NA,280.0,430,21,2,0,118.724856
1608,438880,NA,210.0,310,17,3,0,118.758006
1609,439400,NA,300.0,450,23,2,0,118.825128
1610,439680,NA,220.0,320,16,3,0,118.861145
1611,439984,NA,270.0,370,19,3,0,118.900421
1612,440544,NA,250.0,450,23,1,0,119.253111
1613,440800,NA,130.0,230,13,3,0,119.290391
1614,441224,NA,280.0,430,22,2,0,119.351578
1615,441480,NA,190.0,290,15,3,0,119.388781
1616,441756,NA,170.0,420,20,0,0,119.424758
1617,442036,NA,250.0,350,18,3,0,119.460556
1618,442370,NA,530.0,580,24,2,1,119.782537
1619,442802,NA,360.0,460,23,3,0,119.839556
1620,443130,NA,310.0,410,21,3,0,119.881897
1621,443386,NA,150.0,250,13,3,0,119.914726
1622,443642,NA,250.0,350,17,3,0,119.947304
1623,443970,NA,260.0,360,19,3,0,119.991391
1624,444250,NA,260.0,360,19,3,0,120.030398
1625,444602,NA,330.0,430,22,3,0,120.358052
1626,444930,NA,290.0,390,19,3,0,120.400883
1627,445418,NA,360.0,460,23,3,0,120.463283
1628,445922,NA,300.0,450,23,2,0,120.531199
1629,446434,NA,300.0,450,23,2,0,120.603778
1630,446762,NA,340.0,440,21,3,0,120.917559
1631,447018,NA,210.0,310,16,3,0,120.950754
1632,447322,NA,280.0,380,19,3,0,120.990483
1633,447578,NA,210.0,310,16,3,0,121.027484
1634,447834,NA,210.0,310,16,3,0,121.065103
1635,448090,NA,210.0,310,16,3,0,121.101896
1636,448442,NA,290.0,390,20,3,0,121.14999
1637,448770,NA,220.0,320,17,3,0,121.460899
1638,449074,NA,210.0,360,17,2,0,121.50504
1639,449402,NA,240.0,340,18,3,0,121.552537
1640,449722,NA,280.0,380,20,3,0,121.594798
1641,449978,NA,250.0,350,16,3,0,121.629719
1642,450234,NA,210.0,310,16,3,0,121.665725
1643,450490,NA,240.0,340,17,3,0,121.69861
1644,450770,NA,290.0,390,20,3,0,122.0056
1645,451152,NA,580.0,580,24,3,1,122.061638
1646,451456,NA,240.0,390,19,2,0,122.104398
1647,451808,NA,250.0,350,18,3,0,122.150259
1648,452088,NA,200.0,300,16,3,0,122.186166
1649,452344,NA,150.0,250,14,3,0,122.219295
1650,452624,NA,150.0,300,15,2,0,122.534091
1651,452880,NA,200.0,300,16,3,0,122.568051
1652,453208,NA,260.0,360,19,3,0,122.610078
1653,453608,NA,290.0,390,19,3,0,122.661433
1654,453912,NA,320.0,420,21,3,0,122.703876
1655,454168,NA,230.0,330,17,3,0,122.738972
1656,454664,NA,360.0,460,23,3,0,123.06157
1657,454984,NA,280.0,430,21,2,0,123.103692
1658,455312,NA,320.0,420,21,3,0,123.15147
1659,455568,NA,80.0,230,13,2,0,123.192174
1660,455824,NA,120.0,220,13,3,0,123.229842
1661,456080,NA,200.0,350,17,2,0,123.262783
1662,456432,NA,290.0,390,20,3,0,123.308225
1663,456712,NA,290.0,390,20,3,0,123.604061
1664,457112,NA,250.0,450,23,1,0,123.656309
1665,457440,NA,260.0,410,21,2,0,123.698952
1666,457696,NA,260.0,360,18,3,0,123.733806
1667,457976,NA,200.0,300,16,3,0,123.774482
1668,458472,NA,360.0,460,23,3,0,123.84371
1669,458752,NA,200.0,350,18,2,0,123.880033
1670,459008,NA,200.0,300,16,3,0,124.192266
1671,459288,NA,170.0,270,15,3,0,124.230444
1672,459544,NA,200.0,300,16,3,0,124.266741
1673,459800,NA,190.0,340,18,2,0,124.299977
1674,460056,NA,190.0,290,15,3,0,124.336316
1675,460312,NA,150.0,300,15,2,0,124.37361
1676,460568,NA,150.0,250,14,3,0,124.409796
1677,460944,NA,280.0,430,22,2,0,124.727847
1678,461200,NA,130.0,230,13,3,0,124.763675
1679,461456,NA,210.0,310,16,3,0,124.800742
1680,461712,NA,110.0,260,14,2,0,124.838067
1681,461968,NA,230.0,330,17,3,0,124.875001
1682,462224,NA,220.0,320,17,3,0,124.909236
1683,462504,NA,210.0,310,17,3,0,124.946771
1684,463072,NA,350.0,450,23,3,0,125.287444
1685,463328,NA,120.0,220,13,3,0,125.320946
1686,463584,NA,200.0,300,15,3,0,125.354314
1687,463840,NA,220.0,320,16,3,0,125.387433
1688,464096,NA,190.0,340,17,2,0,125.420633
1689,464464,NA,330.0,430,22,3,0,125.468366
1690,464896,NA,350.0,450,23,3,0,125.524083
1691,465200,NA,290.0,390,20,3,0,125.824287
1692,465504,NA,230.0,330,17,3,0,125.863483
1693,465760,NA,130.0,230,11,3,0,125.896481
1694,466088,NA,220.0,420,21,1,0,125.939819
1695,466392,NA,260.0,360,18,3,0,125.979198
1696,466648,NA,230.0,330,18,3,0,126.012257
1697,466904,NA,170.0,270,13,3,0,126.045783
1698,467184,NA,220.0,370,19,2,0,126.341251
1699,467440,NA,200.0,300,17,3,0,126.374366
1700,467841,NA,580.0,580,24,3,1,126.426007
1701,468097,NA,130.0,280,14,2,0,126.458036
1702,468353,NA,190.0,290,16,3,0,126.489727
1703,468705,NA,290.0,390,20,3,0,126.532725
1704,468961,NA,190.0,290,14,3,0,126.564048
1705,469417,NA,250.0,450,23,1,0,126.866663
1706,469673,NA,130.0,280,14,2,0,126.898207
1707,470045,NA,580.0,580,24,3,1,126.943807
1708,470301,NA,230.0,330,17,3,0,126.975314
1709,470765,NA,350.0,450,23,3,0,127.032311
1710,471021,NA,230.0,330,18,3,0,127.064198
1711,471320,NA,170.0,420,21,0,0,127.350292
1712,471672,NA,290.0,390,20,3,0,127.393634
1713,472032,NA,320.0,420,22,3,0,127.437721
1714,472446,NA,480.0,580,24,1,1,127.488502
1715,472726,NA,210.0,310,16,3,0,127.52261
1716,473006,NA,260.0,360,18,3,0,127.55704
1717,473262,NA,150.0,250,14,3,0,127.834273
1718,473518,NA,140.0,240,11,3,0,127.865916
1719,473846,NA,260.0,360,18,3,0,127.906606
1720,474102,NA,230.0,330,17,3,0,127.938179
1721,474358,NA,240.0,340,17,3,0,127.969491
1722,474638,NA,210.0,310,16,3,0,128.005445
1723,474957,NA,480.0,580,24,1,1,128.046383
1724,475213,NA,220.0,320,16,3,0,128.359943
1725,475469,NA,250.0,350,17,3,0,128.393411
1726,475941,NA,300.0,450,23,2,0,128.454013
1727,476197,NA,170.0,270,15,3,0,128.48704
1728,476453,NA,200.0,300,15,3,0,128.519312
1729,476854,NA,530.0,580,24,2,1,128.568391
1730,477182,NA,300.0,400,21,3,0,128.608899
1731,477510,NA,210.0,360,18,2,0,128.911784
1732,477766,NA,160.0,260,15,3,0,128.944738
1733,478022,NA,230.0,330,16,3,0,128.977621
1734,478278,NA,130.0,230,12,3,0,129.010245
1735,478534,NA,270.0,370,18,3,0,129.04259
1736,478790,NA,220.0,320,17,3,0,129.075312
1737,479046,NA,230.0,330,18,3,0,129.107083
1738,479350,NA,190.0,340,18,2,0,129.399242
1739,479630,NA,270.0,370,19,3,0,129.433812
1740,479934,NA,280.0,380,20,3,0,129.471555
1741,480327,NA,580.0,580,24,3,1,129.522089
1742,480671,NA,250.0,350,19,3,0,129.566542
1743,481191,NA,300.0,450,23,2,0,129.633648
1744,481703,NA,350.0,450,23,3,0,129.961662
1745,481983,NA,140.0,290,15,2,0,129.997954
1746,482263,NA,240.0,340,18,3,0,130.033839
1747,482519,NA,160.0,260,14,3,0,130.067142
1748,482935,NA,340.0,440,22,3,0,130.121065
1749,483396,NA,580.0,580,24,3,1,130.441372
1750,483652,NA,280.0,380,18,3,0,130.474943
1751,483908,NA,130.0,230,12,3,0,130.508125
1752,484164,NA,240.0,340,18,3,0,130.541252
1753,484420,NA,230.0,330,17,3,0,130.574257
1754,484676,NA,180.0,280,15,3,0,130.607047
1755,485036,NA,320.0,420,21,3,0,130.65322
1756,485292,NA,120.0,270,14,2,0,130.686226
1757,485644,NA,290.0,390,19,3,0,130.993265
1758,485924,NA,240.0,390,20,2,0,131.030386
1759,486180,NA,230.0,330,17,3,0,131.064357
1760,486498,NA,530.0,580,24,2,1,131.105347
1761,486994,NA,360.0,460,23,3,0,131.169391
1762,487298,NA,240.0,390,20,2,0,131.208787
1763,487578,NA,210.0,310,16,3,0,131.52247
1764,488039,NA,530.0,580,24,2,1,131.587189
1765,488431,NA,350.0,450,22,3,0,131.637035
1766,488783,NA,270.0,370,19,3,0,131.682313
1767,489063,NA,210.0,310,16,3,0,131.718759
1768,489319,NA,160.0,260,14,3,0,131.751726
1769,489695,NA,330.0,430,22,3,0,132.082473
1770,490023,NA,310.0,410,21,3,0,132.126197
1771,490327,NA,230.0,330,17,3,0,132.1694
1772,490847,NA,580.0,580,24,3,1,132.238942
1773,491183,NA,290.0,390,20,3,0,132.284287
1774,491463,NA,250.0,350,18,3,0,132.320121
1775,491782,NA,530.0,580,24,2,1,132.635517
1776,492038,NA,160.0,310,17,2,0,132.670036
1777,492390,NA,210.0,360,18,2,0,132.715702
1778,492718,NA,200.0,400,20,1,0,132.758412
1779,492998,NA,180.0,330,18,2,0,132.794934
1780,493278,NA,210.0,310,16,3,0,132.831117
1781,493582,NA,210.0,360,18,2,0,133.134612
1782,493910,NA,290.0,390,20,3,0,133.181987
1783,494166,NA,160.0,260,14,3,0,133.220658
1784,494446,NA,200.0,300,17,3,0,133.261276
1785,494846,NA,230.0,380,19,2,0,133.31938
1786,495102,NA,180.0,280,15,3,0,133.359978
1787,495493,NA,580.0,580,24,3,1,133.418872
1788,495749,NA,210.0,310,17,3,0,133.736691
1789,496029,NA,140.0,290,16,2,0,133.777359
1790,496309,NA,270.0,370,19,3,0,133.818449
1791,496565,NA,170.0,270,15,3,0,133.85576
1792,497117,NA,350.0,450,23,3,0,133.935694
1793,497373,NA,130.0,280,13,2,0,133.972803
1794,497653,NA,290.0,390,20,3,0,134.013087
1795,497909,NA,210.0,310,16,3,0,134.321836
1796,498165,NA,190.0,290,15,3,0,134.359263
1797,498445,NA,230.0,330,17,3,0,134.399805
1798,498701,NA,230.0,330,17,3,0,134.436269
1799,498957,NA,190.0,290,15,3,0,134.469575
1800,499309,NA,300.0,400,21,3,0,134.515351
1801,499770,NA,580.0,580,24,3,1,134.845956
1802,500098,NA,300.0,400,20,3,0,134.89442
1803,500378,NA,220.0,320,16,3,0,134.932931
1804,500634,NA,170.0,270,15,3,0,134.966281
1805,500962,NA,300.0,400,20,3,0,135.009164
1806,501314,NA,320.0,420,21,3,0,135.055326
1807,501570,NA,80.0,230,12,2,0,135.08882
