#{"t_start": 1789931014.538325, "env_id": "None"}
r,l,t,score,aliens_killed,lives,won
-20.0,256,2.406304,130,7,2,0
100.0,256,2.44205,200,10,3,0
30.0,256,2.476596,130,8,3,0
0.0,256,2.510006,150,8,2,0
20.0,256,2.543265,120,8,3,0
30.0,280,2.579596,180,10,2,0
40.0,256,2.612804,140,8,3,0
-10.0,256,2.93256,140,9,2,0
60.0,264,2.967862,160,9,3,0
40.0,256,3.001239,190,11,2,0
80.0,256,3.034399,180,9,3,0
190.0,304,3.073881,290,16,3,0
80.0,304,3.113323,180,10,3,0
60.0,280,3.150009,160,10,3,0
20.0,256,3.184664,170,10,2,0
110.0,304,3.488026,210,12,3,0
60.0,280,3.525477,160,9,3,0
150.0,256,3.55962,250,13,3,0
-30.0,264,3.594814,120,7,2,0
-30.0,264,3.630208,170,9,1,0
60.0,256,3.664417,160,9,3,0
60.0,280,3.702398,160,8,3,0
160.0,304,4.020572,260,13,3,0
-40.0,256,4.062228,160,9,1,0
130.0,256,4.102635,230,13,3,0
50.0,256,4.142665,150,8,3,0
40.0,256,4.182857,140,8,3,0
40.0,256,4.224936,140,8,3,0
40.0,256,4.266012,140,9,3,0
160.0,256,4.306609,310,17,2,0
90.0,256,4.666143,190,10,3,0
20.0,256,4.70546,170,11,2,0
80.0,256,4.744481,180,10,3,0
100.0,256,4.783275,200,12,3,0
70.0,256,4.821677,170,9,3,0
140.0,256,4.860701,240,13,3,0
60.0,256,4.899618,160,10,3,0
20.0,256,4.938039,120,9,3,0
100.0,256,5.246969,200,11,3,0
40.0,256,5.282971,140,8,3,0
170.0,256,5.317151,270,14,3,0
50.0,256,5.350628,150,10,3,0
50.0,256,5.383735,150,9,3,0
90.0,256,5.417163,190,11,3,0
60.0,256,5.451258,160,9,3,0
40.0,256,5.487753,140,8,3,0
90.0,256,5.806824,190,11,3,0
70.0,256,5.842062,220,11,2,0
20.0,256,5.875514,120,8,3,0
130.0,256,5.912608,230,12,3,0
130.0,256,5.947069,230,12,3,0
90.0,272,5.983664,190,10,3,0
110.0,256,6.020643,210,11,3,0
70.0,256,6.053994,170,10,3,0
60.0,256,6.360579,210,13,2,0
40.0,256,6.394416,140,9,3,0
60.0,256,6.427954,160,9,3,0
120.0,256,6.461553,220,13,3,0
50.0,264,6.496186,150,8,3,0
70.0,288,6.536858,170,10,3,0
80.0,256,6.571763,230,12,2,0
0.0,256,6.605146,100,6,3,0
90.0,256,6.907561,190,12,3,0
60.0,256,6.941789,160,8,3,0
70.0,272,6.977826,220,11,2,0
150.0,336,7.025441,250,14,3,0
0.0,256,7.063015,100,5,3,0
-20.0,256,7.098973,80,6,3,0
30.0,256,7.132454,180,10,2,0
60.0,256,7.166063,160,9,3,0
190.0,312,7.478058,290,15,3,0
30.0,256,7.515618,130,9,3,0
50.0,256,7.550572,150,9,3,0
-40.0,256,7.584002,110,8,2,0
110.0,256,7.617745,210,11,3,0
60.0,256,7.651108,210,11,2,0
100.0,256,7.685502,200,12,3,0
130.0,256,7.991079,230,12,3,0
-80.0,256,8.030038,120,7,1,0
50.0,256,8.067272,150,9,3,0
100.0,256,8.100747,200,11,3,0
70.0,256,8.134386,220,12,2,0
120.0,256,8.168013,220,12,3,0
0.0,256,8.201671,150,7,2,0
60.0,256,8.237695,160,10,3,0
60.0,264,8.566836,160,9,3,0
110.0,264,8.607962,210,12,3,0
-120.0,218,8.641331,130,8,0,0
180.0,256,8.680136,280,15,3,0
10.0,256,8.720303,160,9,2,0
100.0,256,8.759227,200,10,3,0
90.0,256,8.797115,190,12,3,0
10.0,256,8.83584,160,9,2,0
80.0,256,8.874573,180,10,3,0
40.0,256,9.230377,140,9,3,0
180.0,256,9.26741,280,14,3,0
80.0,256,9.304698,180,10,3,0
70.0,256,9.341941,170,11,3,0
40.0,256,9.379951,140,9,3,0
100.0,256,9.417028,200,12,3,0
80.0,256,9.454092,230,11,2,0
100.0,256,9.490955,200,12,3,0
100.0,256,9.821125,200,11,3,0
70.0,256,9.858647,170,9,3,0
30.0,256,9.895834,180,10,2,0
130.0,256,9.933042,230,13,3,0
30.0,256,9.970917,130,9,3,0
130.0,256,10.008282,230,13,3,0
110.0,256,10.04552,260,13,2,0
80.0,256,10.079649,180,11,3,0
60.0,256,10.3816,160,9,3,0
150.0,256,10.416767,250,13,3,0
110.0,256,10.450215,260,14,2,0
190.0,256,10.487486,290,15,3,0
90.0,256,10.521405,190,11,3,0
120.0,256,10.555289,220,11,3,0
70.0,256,10.592025,170,10,3,0
100.0,280,10.916601,200,12,3,0
-10.0,256,10.952027,140,8,2,0
70.0,256,10.98548,170,10,3,0
30.0,256,11.023109,180,11,2,0
100.0,256,11.057563,200,11,3,0
110.0,256,11.091846,210,12,3,0
120.0,256,11.129286,220,12,3,0
100.0,256,11.166552,200,12,3,0
140.0,256,11.478775,240,12,3,0
110.0,320,11.521693,260,13,2,0
140.0,256,11.555231,240,13,3,0
110.0,256,11.588569,260,14,2,0
50.0,256,11.621971,150,9,3,0
80.0,256,11.655734,180,11,3,0
-40.0,256,11.689443,60,4,3,0
70.0,256,11.722752,170,10,3,0
70.0,256,12.028995,170,9,3,0
50.0,256,12.062428,250,14,1,0
150.0,256,12.095789,250,13,3,0
-30.0,256,12.128846,120,8,2,0
20.0,256,12.161853,170,11,2,0
130.0,256,12.194727,230,13,3,0
100.0,256,12.227426,200,11,3,0
80.0,256,12.260248,180,10,3,0
60.0,256,12.614561,160,10,3,0
110.0,256,12.653696,210,10,3,0
-20.0,256,12.69222,130,8,2,0
70.0,256,12.731121,220,12,2,0
130.0,256,12.770793,230,11,3,0
20.0,256,12.810065,120,7,3,0
110.0,256,12.849089,210,12,3,0
20.0,256,12.887626,120,8,3,0
150.0,256,13.233369,250,14,3,0
50.0,256,13.271149,200,11,2,0
40.0,256,13.308018,190,12,2,0
90.0,256,13.345074,240,14,2,0
90.0,256,13.382111,190,10,3,0
80.0,256,13.419476,230,13,2,0
140.0,256,13.456284,240,13,3,0
80.0,256,13.493156,180,10,3,0
20.0,256,13.793387,170,9,2,0
110.0,256,13.827014,260,14,2,0
80.0,256,13.860621,180,10,3,0
70.0,256,13.893739,170,9,3,0
100.0,256,13.926896,200,11,3,0
140.0,256,13.960548,240,12,3,0
120.0,256,13.994101,220,12,3,0
120.0,256,14.027503,220,13,3,0
120.0,256,14.320363,220,12,3,0
0.0,256,14.354113,100,7,3,0
110.0,256,14.387491,210,11,3,0
-10.0,256,14.421212,190,10,1,0
100.0,256,14.454556,250,13,2,0
90.0,256,14.487417,190,11,3,0
120.0,256,14.51946,220,11,3,0
160.0,256,14.550922,260,13,3,0
80.0,256,14.828969,180,10,3,0
130.0,256,14.861354,230,11,3,0
140.0,256,14.893019,240,12,3,0
70.0,256,14.924596,220,11,2,0
40.0,256,14.956487,190,12,2,0
170.0,256,14.98816,270,14,3,0
160.0,256,15.01972,260,13,3,0
140.0,256,15.051024,240,11,3,0
130.0,256,15.329257,230,13,3,0
130.0,256,15.361376,230,12,3,0
90.0,256,15.393462,240,12,2,0
200.0,256,15.426967,300,16,3,0
160.0,256,15.459374,260,13,3,0
100.0,256,15.491423,200,11,3,0
90.0,256,15.523821,190,11,3,0
60.0,256,15.556456,160,9,3,0
190.0,256,15.869691,290,15,3,0
60.0,256,15.903507,160,10,3,0
120.0,256,15.938741,220,11,3,0
90.0,256,15.978395,190,10,3,0
40.0,256,16.014785,190,10,2,0
120.0,256,16.046967,220,12,3,0
140.0,256,16.078686,240,13,3,0
130.0,256,16.110185,230,11,3,0
80.0,256,16.403253,230,12,2,0
200.0,256,16.436925,300,15,3,0
80.0,256,16.470113,180,10,3,0
40.0,256,16.503228,190,10,2,0
110.0,256,16.536091,210,12,3,0
70.0,256,16.568983,170,9,3,0
190.0,256,16.601937,290,13,3,0
160.0,256,16.63451,260,13,3,0
120.0,256,16.926108,220,12,3,0
70.0,256,16.959989,220,11,2,0
90.0,256,16.993516,190,10,3,0
70.0,256,17.026572,170,9,3,0
130.0,256,17.059679,230,13,3,0
70.0,256,17.092943,220,12,2,0
140.0,256,17.125818,240,13,3,0
80.0,256,17.159054,230,13,2,0
120.0,256,17.451732,220,12,3,0
70.0,256,17.48525,220,11,2,0
130.0,256,17.518332,230,11,3,0
130.0,256,17.550845,230,12,3,0
130.0,256,17.583705,230,12,3,0
150.0,256,17.620382,250,14,3,0
100.0,256,17.65449,200,11,3,0
200.0,256,17.688025,300,16,3,0
110.0,256,17.991178,210,11,3,0
120.0,256,18.028241,220,11,3,0
110.0,256,18.061262,210,11,3,0
110.0,256,18.096689,210,10,3,0
140.0,256,18.133067,240,12,3,0
100.0,256,18.169517,200,11,3,0
20.0,256,18.206268,170,9,2,0
50.0,256,18.242688,150,9,3,0
130.0,256,18.54054,230,14,3,0
90.0,256,18.575006,190,10,3,0
90.0,256,18.611576,240,12,2,0
170.0,256,18.648604,270,14,3,0
140.0,256,18.682212,240,12,3,0
150.0,256,18.716305,250,13,3,0
150.0,256,18.753447,250,13,3,0
100.0,256,18.790355,200,12,3,0
100.0,256,19.092572,200,11,3,0
70.0,256,19.130246,220,12,2,0
70.0,256,19.169026,170,9,3,0
0.0,256,19.205949,150,10,2,0
70.0,256,19.243257,170,9,3,0
80.0,256,19.280224,180,9,3,0
90.0,256,19.31711,190,11,3,0
70.0,256,19.353538,170,9,3,0
110.0,256,19.661396,210,11,3,0
70.0,256,19.698533,220,11,2,0
170.0,256,19.735566,270,15,3,0
40.0,256,19.76861,140,9,3,0
140.0,256,19.803363,240,13,3,0
90.0,256,19.839536,190,10,3,0
80.0,256,19.872458,180,10,3,0
120.0,256,19.905399,220,13,3,0
40.0,256,20.21627,140,8,3,0
40.0,256,20.253389,140,8,3,0
60.0,256,20.288813,210,11,2,0
130.0,256,20.321964,230,12,3,0
210.0,256,20.358644,310,17,3,0
60.0,256,20.392925,210,11,2,0
150.0,256,20.426107,250,14,3,0
110.0,256,20.458908,210,12,3,0
60.0,256,20.771482,210,12,2,0
180.0,256,20.808641,280,15,3,0
50.0,256,20.8419,150,9,3,0
150.0,256,20.875149,250,14,3,0
120.0,256,20.908808,220,12,3,0
90.0,256,20.942027,240,12,2,0
150.0,256,20.97566,300,14,2,0
80.0,256,21.010863,180,10,3,0
100.0,256,21.335861,250,13,2,0
80.0,256,21.369914,180,10,3,0
160.0,256,21.405077,260,15,3,0
140.0,256,21.441566,290,15,2,0
210.0,256,21.474665,310,17,3,0
120.0,256,21.508038,220,12,3,0
90.0,256,21.54116,190,10,3,0
120.0,256,21.574394,220,11,3,0
100.0,256,21.865248,250,13,2,0
90.0,256,21.898775,190,12,3,0
130.0,256,21.931793,230,12,3,0
50.0,256,21.965218,150,9,3,0
130.0,272,22.000382,230,12,3,0
150.0,256,22.033585,250,12,3,0
70.0,256,22.066831,170,10,3,0
140.0,256,22.099988,240,13,3,0
90.0,256,22.395641,190,11,3,0
150.0,256,22.42911,250,14,3,0
90.0,256,22.462248,240,12,2,0
0.0,256,22.495196,150,9,2,0
110.0,256,22.528407,260,14,2,0
30.0,256,22.564886,130,7,3,0
130.0,256,22.60153,230,14,3,0
80.0,256,22.636907,180,11,3,0
110.0,256,22.944188,210,11,3,0
130.0,280,22.981099,230,14,3,0
160.0,256,23.014853,310,16,2,0
180.0,256,23.05192,280,14,3,0
100.0,256,23.089158,250,13,2,0
140.0,256,23.126118,240,12,3,0
-60.0,256,23.162674,90,4,2,0
140.0,256,23.201064,240,13,3,0
-10.0,256,23.513578,90,5,3,0
90.0,256,23.551154,190,10,3,0
160.0,256,23.584116,260,13,3,0
140.0,256,23.618949,240,13,3,0
140.0,256,23.655936,240,12,3,0
110.0,256,23.692156,210,11,3,0
90.0,256,23.730615,190,11,3,0
60.0,280,23.770852,210,13,2,0
110.0,256,24.126255,210,12,3,0
160.0,256,24.165573,260,14,3,0
90.0,256,24.205181,190,10,3,0
160.0,256,24.243287,260,14,3,0
0.0,221,24.275728,250,12,0,0
90.0,256,24.314443,190,11,3,0
100.0,256,24.353308,200,11,3,0
120.0,256,24.39146,220,13,3,0
70.0,256,24.739976,170,11,3,0
70.0,256,24.777124,170,10,3,0
120.0,256,24.814398,270,14,2,0
10.0,256,24.851366,210,12,1,0
100.0,256,24.888534,200,10,3,0
40.0,256,24.925356,140,8,3,0
120.0,256,24.96295,220,12,3,0
140.0,256,25.000422,240,13,3,0
120.0,256,25.32988,270,14,2,0
210.0,256,25.366951,310,15,3,0
190.0,256,25.404581,290,14,3,0
120.0,256,25.441586,270,14,2,0
160.0,256,25.478179,260,14,3,0
130.0,256,25.514391,230,12,3,0
110.0,256,25.547375,210,12,3,0
100.0,256,25.582797,200,11,3,0
190.0,256,25.900894,290,15,3,0
180.0,256,25.934342,280,15,3,0
150.0,256,25.967721,250,14,3,0
120.0,256,26.001124,220,11,3,0
80.0,256,26.034499,180,11,3,0
80.0,256,26.070525,230,13,2,0
160.0,256,26.109287,260,14,3,0
140.0,256,26.148939,240,13,3,0
170.0,256,26.471745,270,14,3,0
30.0,256,26.505363,130,8,3,0
-90.0,205,26.531821,160,9,0,0
150.0,256,26.564582,250,13,3,0
160.0,256,26.59998,260,15,3,0
90.0,256,26.637067,190,11,3,0
100.0,256,26.673965,200,10,3,0
170.0,256,26.707073,270,14,3,0
150.0,256,27.015972,250,14,3,0
80.0,256,27.049733,180,11,3,0
80.0,256,27.082717,180,10,3,0
170.0,256,27.115768,270,14,3,0
130.0,256,27.152983,230,11,3,0
70.0,256,27.189783,170,8,3,0
120.0,256,27.226763,220,12,3,0
170.0,256,27.263847,270,14,3,0
90.0,256,27.567451,290,15,1,0
70.0,256,27.601079,170,9,3,0
120.0,256,27.634501,220,12,3,0
110.0,256,27.667718,210,12,3,0
130.0,256,27.700944,230,11,3,0
120.0,256,27.734404,220,12,3,0
40.0,256,27.767829,140,9,3,0
200.0,256,27.800776,300,15,3,0
140.0,256,28.116787,240,13,3,0
90.0,256,28.154252,190,11,3,0
100.0,256,28.191061,200,12,3,0
150.0,256,28.224484,250,13,3,0
80.0,256,28.258629,180,10,3,0
130.0,256,28.295312,230,12,3,0
120.0,256,28.331892,220,11,3,0
190.0,256,28.365572,290,14,3,0
150.0,256,28.670471,250,13,3,0
100.0,256,28.705794,200,11,3,0
60.0,256,28.742334,210,12,2,0
100.0,256,28.77543,200,11,3,0
190.0,256,28.808991,290,14,3,0
60.0,256,28.842418,160,9,3,0
130.0,256,28.879477,230,12,3,0
-50.0,256,28.913388,150,9,1,0
120.0,256,29.240429,220,13,3,0
100.0,256,29.279766,200,10,3,0
140.0,256,29.318704,240,12,3,0
150.0,256,29.357479,250,13,3,0
150.0,256,29.397024,250,13,3,0
120.0,256,29.435914,270,14,2,0
140.0,256,29.475222,240,13,3,0
150.0,256,29.513765,250,14,3,0
90.0,256,29.845693,190,11,3,0
130.0,256,29.880991,230,13,3,0
150.0,256,29.914692,250,13,3,0
170.0,256,29.952314,270,14,3,0
170.0,256,29.986674,270,14,3,0
150.0,256,30.020479,250,13,3,0
260.0,256,30.054121,360,17,3,0
140.0,256,30.090777,240,13,3,0
140.0,256,30.390555,240,13,3,0
170.0,256,30.424708,270,14,3,0
170.0,256,30.458476,270,15,3,0
110.0,256,30.492083,210,12,3,0
100.0,256,30.525512,200,10,3,0
90.0,256,30.558945,290,14,1,0
100.0,256,30.592344,250,13,2,0
170.0,256,30.625422,270,14,3,0
140.0,256,30.91847,240,12,3,0
120.0,256,30.95211,220,13,3,0
120.0,256,30.985724,220,12,3,0
90.0,256,31.019406,190,10,3,0
120.0,256,31.052864,220,12,3,0
80.0,256,31.085884,230,12,2,0
140.0,256,31.118764,240,13,3,0
170.0,256,31.151763,270,14,3,0
130.0,256,31.462382,230,13,3,0
60.0,256,31.499209,160,9,3,0
60.0,256,31.536311,210,10,2,0
150.0,256,31.573486,250,14,3,0
140.0,256,31.606473,240,13,3,0
70.0,256,31.641591,170,10,3,0
170.0,256,31.679083,270,14,3,0
160.0,256,31.716165,310,16,2,0
170.0,256,32.00919,270,14,3,0
210.0,256,32.046315,310,16,3,0
80.0,256,32.083301,180,11,3,0
90.0,256,32.120179,190,11,3,0
120.0,256,32.157083,220,12,3,0
110.0,256,32.189915,210,11,3,0
110.0,256,32.224507,210,12,3,0
190.0,304,32.269374,340,18,2,0
180.0,256,32.571726,280,14,3,0
140.0,256,32.606201,240,11,3,0
170.0,256,32.643148,270,14,3,0
80.0,256,32.68009,180,10,3,0
90.0,256,32.714119,240,13,2,0
180.0,256,32.748231,280,14,3,0
110.0,256,32.785047,210,12,3,0
50.0,256,32.818245,150,9,3,0
90.0,256,33.114946,190,9,3,0
90.0,256,33.148645,190,10,3,0
90.0,256,33.182487,190,11,3,0
40.0,256,33.219426,240,13,1,0
120.0,256,33.25635,220,12,3,0
90.0,256,33.29295,190,10,3,0
140.0,256,33.329587,240,11,3,0
110.0,256,33.366066,210,11,3,0
80.0,256,33.674321,180,10,3,0
130.0,256,33.707776,230,13,3,0
80.0,256,33.741373,180,10,3,0
140.0,256,33.775963,290,15,2,0
160.0,256,33.812962,260,14,3,0
110.0,256,33.849841,210,12,3,0
-10.0,256,33.886831,140,9,2,0
40.0,256,33.922657,190,10,2,0
90.0,256,34.231848,190,11,3,0
80.0,256,34.265125,180,10,3,0
130.0,256,34.298321,230,13,3,0
150.0,256,34.331272,300,16,2,0
40.0,256,34.364446,190,9,2,0
160.0,256,34.397258,310,15,2,0
120.0,256,34.42979,220,12,3,0
180.0,256,34.463295,280,15,3,0
170.0,256,34.777258,270,14,3,0
150.0,256,34.810486,250,13,3,0
110.0,256,34.843705,210,12,3,0
130.0,256,34.876902,280,14,2,0
100.0,256,34.909863,200,12,3,0
120.0,256,34.943502,220,12,3,0
200.0,256,34.976768,300,15,3,0
170.0,256,35.010338,270,14,3,0
90.0,256,35.313055,240,13,2,0
220.0,352,35.358985,320,16,3,0
30.0,256,35.392079,180,10,2,0
60.0,256,35.424974,210,11,2,0
150.0,256,35.457784,250,14,3,0
170.0,256,35.490856,270,15,3,0
140.0,280,35.527212,240,12,3,0
70.0,256,35.559971,220,11,2,0
110.0,256,35.850766,210,11,3,0
160.0,256,35.883463,260,14,3,0
140.0,280,35.919493,290,15,2,0
120.0,256,35.952625,220,12,3,0
80.0,256,35.985866,180,9,3,0
210.0,256,36.019066,310,15,3,0
80.0,256,36.05062,230,13,2,0
130.0,256,36.081922,230,12,3,0
70.0,256,36.367294,220,11,2,0
120.0,256,36.404088,220,12,3,0
160.0,256,36.438472,260,12,3,0
270.0,336,36.480016,370,18,3,0
190.0,304,36.517627,290,16,3,0
110.0,256,36.549067,210,12,3,0
110.0,256,36.580286,210,11,3,0
120.0,256,36.859555,220,11,3,0
110.0,256,36.891079,210,12,3,0
130.0,256,36.922749,230,11,3,0
90.0,256,36.954238,190,9,3,0
200.0,256,36.986097,300,16,3,0
130.0,256,37.017616,280,15,2,0
150.0,256,37.049401,250,14,3,0
70.0,256,37.080768,170,10,3,0
70.0,256,37.359117,170,10,3,0
270.0,392,37.40752,370,19,3,0
120.0,256,37.439033,220,11,3,0
90.0,256,37.470469,190,11,3,0
180.0,256,37.501757,280,15,3,0
140.0,256,37.53307,240,13,3,0
80.0,256,37.565745,180,8,3,0
150.0,256,37.598298,250,13,3,0
190.0,280,37.895795,290,16,3,0
90.0,256,37.927626,190,11,3,0
150.0,256,37.959477,250,13,3,0
150.0,256,37.991487,250,13,3,0
60.0,256,38.023463,210,11,2,0
130.0,256,38.055386,230,12,3,0
150.0,256,38.086913,250,13,3,0
90.0,256,38.37959,240,14,2,0
150.0,256,38.413324,250,13,3,0
140.0,328,38.455325,240,12,3,0
90.0,256,38.487233,190,9,3,0
190.0,304,38.524858,290,15,3,0
320.0,400,38.575637,420,20,3,0
120.0,304,38.613483,220,12,3,0
150.0,256,38.890435,250,13,3,0
100.0,256,38.922463,250,13,2,0
310.0,360,38.967731,410,20,3,0
170.0,256,38.999646,270,15,3,0
230.0,384,39.046957,380,19,2,0
230.0,304,39.084226,330,16,3,0
200.0,280,39.118988,300,15,3,0
290.0,352,39.423045,390,20,3,0
180.0,256,39.456269,280,14,3,0
120.0,256,39.489404,220,11,3,0
90.0,256,39.52254,190,11,3,0
190.0,256,39.555295,290,15,3,0
130.0,256,39.588356,230,13,3,0
110.0,256,39.621067,260,13,2,0
180.0,256,39.653695,280,13,3,0
110.0,256,39.944628,210,12,3,0
110.0,256,39.978053,210,11,3,0
130.0,256,40.011254,280,15,2,0
110.0,256,40.0446,260,14,2,0
120.0,256,40.077498,270,13,2,0
-30.0,256,40.110456,170,9,1,0
50.0,256,40.143377,150,10,3,0
180.0,256,40.176327,280,14,3,0
130.0,256,40.470714,230,12,3,0
160.0,256,40.504208,260,14,3,0
80.0,256,40.538579,230,12,2,0
130.0,256,40.575209,230,12,3,0
150.0,256,40.60814,300,16,2,0
40.0,256,40.641421,140,9,3,0
230.0,296,40.679666,330,18,3,0
10.0,256,40.985235,160,10,2,0
140.0,280,41.024016,240,12,3,0
80.0,256,41.061814,180,10,3,0
140.0,256,41.095136,240,13,3,0
160.0,328,41.1376,310,16,2,0
180.0,312,41.177778,280,15,3,0
140.0,256,41.211104,240,13,3,0
190.0,256,41.248129,290,14,3,0
90.0,256,41.577527,190,11,3,0
60.0,256,41.612393,160,8,3,0
100.0,304,41.651544,250,12,2,0
170.0,256,41.684396,270,13,3,0
160.0,256,41.720623,260,14,3,0
170.0,256,41.757546,270,14,3,0
150.0,256,41.793332,250,13,3,0
90.0,256,41.82605,240,12,2,0
260.0,336,42.144646,360,18,3,0
270.0,352,42.19013,370,19,3,0
120.0,256,42.22305,220,11,3,0
180.0,256,42.259147,280,16,3,0
190.0,256,42.296264,290,15,3,0
100.0,256,42.332088,200,10,3,0
120.0,256,42.364976,320,16,1,0
140.0,256,42.671539,240,12,3,0
180.0,256,42.704852,280,15,3,0
130.0,256,42.73953,230,13,3,0
210.0,344,42.786831,310,17,3,0
140.0,256,42.819531,240,11,3,0
170.0,280,42.859095,270,14,3,0
100.0,256,42.89583,200,10,3,0
160.0,256,42.932515,310,16,2,0
200.0,256,43.243568,300,16,3,0
120.0,256,43.280649,270,15,2,0
200.0,256,43.317708,300,15,3,0
120.0,256,43.354369,220,12,3,0
100.0,256,43.39151,200,11,3,0
140.0,256,43.428665,240,13,3,0
100.0,256,43.465437,250,13,2,0
110.0,256,43.502493,210,11,3,0
180.0,256,43.823711,280,15,3,0
40.0,256,43.860806,190,11,2,0
140.0,304,43.904911,240,12,3,0
90.0,256,43.942124,240,13,2,0
210.0,280,43.983066,310,17,3,0
110.0,256,44.020095,210,12,3,0
170.0,256,44.056715,270,14,3,0
110.0,280,44.361433,310,17,1,0
140.0,256,44.397157,240,13,3,0
140.0,256,44.430029,240,13,3,0
10.0,256,44.466086,210,11,1,0
150.0,256,44.502717,250,13,3,0
230.0,328,44.549551,330,16,3,0
120.0,280,44.588706,220,12,3,0
140.0,256,44.621421,240,13,3,0
120.0,280,44.916924,270,15,2,0
210.0,256,44.95021,360,19,2,0
90.0,256,44.983436,290,15,1,0
120.0,256,45.016628,270,14,2,0
160.0,256,45.049591,260,13,3,0
170.0,256,45.082525,270,13,3,0
230.0,256,45.115512,330,17,3,0
140.0,256,45.148135,240,12,3,0
170.0,256,45.436476,270,14,3,0
240.0,280,45.470953,340,17,3,0
30.0,256,45.502323,230,12,1,0
120.0,256,45.53361,270,14,2,0
20.0,256,45.564987,170,10,2,0
140.0,256,45.596293,240,13,3,0
110.0,256,45.627606,310,17,1,0
150.0,256,45.658993,250,13,3,0
190.0,312,45.944378,340,19,2,0
160.0,256,45.976207,260,13,3,0
80.0,256,46.007983,230,12,2,0
220.0,280,46.042674,320,17,3,0
70.0,256,46.074116,220,12,2,0
230.0,304,46.11104,330,16,3,0
120.0,256,46.142281,270,15,2,0
80.0,256,46.419161,230,12,2,0
70.0,256,46.45105,220,11,2,0
180.0,256,46.482819,280,15,3,0
210.0,256,46.514578,310,16,3,0
120.0,256,46.548689,270,15,2,0
150.0,256,46.582858,250,12,3,0
60.0,256,46.620745,160,10,3,0
180.0,280,46.658546,280,15,3,0
160.0,256,46.991886,260,14,3,0
120.0,256,47.025506,220,11,3,0
200.0,256,47.062244,300,16,3,0
240.0,256,47.097226,340,17,3,0
180.0,256,47.131397,280,16,3,0
130.0,256,47.165351,230,12,3,0
100.0,256,47.199159,250,13,2,0
200.0,256,47.232048,300,15,3,0
210.0,256,47.537683,310,16,3,0
100.0,256,47.569857,200,10,3,0
130.0,256,47.602556,230,12,3,0
-140.0,141,47.620321,110,7,0,0
170.0,256,47.652601,270,14,3,0
240.0,328,47.694651,340,17,3,0
130.0,256,47.726862,280,14,2,0
140.0,280,47.761606,240,14,3,0
160.0,256,48.046108,260,14,3,0
230.0,320,48.086146,330,16,3,0
150.0,256,48.11849,300,15,2,0
170.0,256,48.151647,270,13,3,0
150.0,256,48.185023,250,13,3,0
200.0,328,48.227466,300,15,3,0
230.0,328,48.269431,330,17,3,0
200.0,256,48.555216,300,15,3,0
120.0,256,48.587283,220,12,3,0
180.0,256,48.620004,280,14,3,0
150.0,280,48.656267,300,16,2,0
120.0,256,48.689381,220,12,3,0
140.0,280,48.725636,240,14,3,0
140.0,256,48.758023,240,12,3,0
160.0,256,48.790256,260,14,3,0
150.0,280,49.088255,300,16,2,0
100.0,256,49.121997,250,13,2,0
210.0,256,49.156152,310,15,3,0
100.0,256,49.189852,200,10,3,0
180.0,256,49.22282,280,15,3,0
170.0,280,49.259486,270,14,3,0
230.0,280,49.2961,330,17,3,0
190.0,256,49.329649,290,15,3,0
90.0,256,49.629964,190,11,3,0
140.0,256,49.663646,240,13,3,0
140.0,256,49.696668,240,13,3,0
300.0,256,49.730049,400,20,3,0
70.0,256,49.763404,220,12,2,0
130.0,256,49.796809,230,12,3,0
170.0,256,49.829875,320,16,2,0
230.0,256,49.863114,330,16,3,0
230.0,256,50.162152,330,17,3,0
170.0,256,50.195705,270,14,3,0
200.0,256,50.228828,300,15,3,0
160.0,256,50.261875,260,14,3,0
180.0,256,50.295001,280,15,3,0
320.0,376,50.343651,420,21,3,0
190.0,256,50.376943,290,15,3,0
130.0,256,50.672435,230,13,3,0
120.0,256,50.706352,220,11,3,0
0.0,256,50.73948,200,11,1,0
200.0,256,50.774295,300,15,3,0
210.0,256,50.81123,310,16,3,0
210.0,256,50.844551,310,16,3,0
210.0,256,50.88036,310,16,3,0
190.0,256,50.91722,290,14,3,0
160.0,256,51.222627,260,14,3,0
160.0,256,51.256408,260,14,3,0
300.0,360,51.304879,400,20,3,0
50.0,256,51.3421,150,8,3,0
100.0,256,51.379006,250,14,2,0
160.0,256,51.412506,260,13,3,0
230.0,256,51.446793,330,16,3,0
210.0,328,51.494401,310,16,3,0
130.0,256,51.813472,230,12,3,0
160.0,256,51.850556,310,15,2,0
170.0,256,51.887665,270,14,3,0
110.0,256,51.92342,260,14,2,0
150.0,256,51.956271,250,14,3,0
230.0,280,51.996662,330,17,3,0
80.0,256,52.031221,180,11,3,0
160.0,256,52.06517,260,13,3,0
290.0,336,52.379358,390,19,3,0
250.0,328,52.424965,350,18,3,0
150.0,256,52.462363,250,14,3,0
280.0,432,52.521384,430,22,2,0
170.0,280,52.559655,270,14,3,0
190.0,256,52.595894,290,14,3,0
170.0,256,52.897634,270,14,3,0
140.0,312,52.943144,340,16,1,0
130.0,256,52.980368,230,13,3,0
60.0,256,53.013864,210,12,2,0
110.0,256,53.050824,210,12,3,0
140.0,280,53.093069,290,16,2,0
60.0,256,53.130604,210,12,2,0
80.0,256,53.166587,230,12,2,0
190.0,280,53.501666,290,14,3,0
250.0,376,53.556162,400,21,2,0
60.0,256,53.592967,260,12,1,0
150.0,256,53.62666,250,13,3,0
160.0,256,53.659556,260,14,3,0
150.0,256,53.693249,250,13,3,0
100.0,256,53.731073,250,12,2,0
130.0,256,54.055315,230,12,3,0
130.0,256,54.091972,230,13,3,0
280.0,408,54.146445,430,22,2,0
140.0,256,54.182668,240,13,3,0
190.0,256,54.215588,290,15,3,0
110.0,256,54.248807,260,14,2,0
160.0,256,54.281881,260,13,3,0
280.0,304,54.320843,380,20,3,0
200.0,256,54.613413,300,15,3,0
180.0,256,54.646449,280,15,3,0
220.0,328,54.689169,320,17,3,0
220.0,256,54.723544,320,16,3,0
150.0,256,54.759853,250,14,3,0
180.0,256,54.792625,280,15,3,0
180.0,256,54.827485,280,16,3,0
340.0,368,55.147211,440,22,3,0
180.0,256,55.183895,280,15,3,0
210.0,280,55.223998,310,17,3,0
30.0,256,55.258085,230,12,1,0
360.0,472,55.32252,460,23,3,0
120.0,304,55.362874,320,17,1,0
190.0,256,55.397436,290,14,3,0
150.0,256,55.696036,250,14,3,0
160.0,256,55.729197,260,13,3,0
130.0,256,55.762228,230,11,3,0
180.0,280,55.798654,330,17,2,0
250.0,256,55.831976,350,17,3,0
150.0,256,55.865265,250,13,3,0
220.0,280,55.901472,320,17,3,0
240.0,344,56.207921,340,19,3,0
80.0,256,56.241496,180,9,3,0
120.0,256,56.274961,270,14,2,0
200.0,256,56.308288,300,15,3,0
160.0,280,56.344651,260,14,3,0
170.0,256,56.377636,270,13,3,0
180.0,280,56.41365,330,16,2,0
200.0,256,56.446639,350,18,2,0
150.0,256,56.747136,250,13,3,0
230.0,256,56.78419,330,17,3,0
240.0,256,56.823197,340,16,3,0
170.0,256,56.860155,270,14,3,0
130.0,256,56.893551,230,12,3,0
160.0,256,56.926784,260,15,3,0
140.0,256,56.960103,240,12,3,0
250.0,304,56.999654,350,19,3,0
180.0,256,57.295963,280,14,3,0
190.0,256,57.329564,290,14,3,0
80.0,280,57.365955,230,11,2,0
120.0,256,57.399616,220,12,3,0
200.0,256,57.433094,300,15,3,0
270.0,440,57.494276,420,22,2,0
130.0,256,57.527904,230,13,3,0
180.0,256,57.824023,330,17,2,0
140.0,256,57.858019,240,12,3,0
200.0,256,57.891513,300,16,3,0
200.0,280,57.927992,300,16,3,0
230.0,256,57.961333,330,16,3,0
180.0,280,57.997868,280,16,3,0
180.0,256,58.031136,280,14,3,0
120.0,256,58.064646,220,12,3,0
250.0,256,58.35885,350,18,3,0
110.0,256,58.3923,210,12,3,0
200.0,256,58.425737,300,16,3,0
260.0,256,58.458873,360,17,3,0
240.0,280,58.4988,340,18,3,0
120.0,256,58.53333,220,11,3,0
580.0,436,58.593053,580,24,3,1
150.0,280,58.908961,250,13,3,0
180.0,256,58.942366,280,15,3,0
230.0,256,58.975942,330,17,3,0
130.0,256,59.009873,230,13,3,0
140.0,256,59.043218,240,13,3,0
110.0,256,59.076842,260,13,2,0
180.0,256,59.11308,280,15,3,0
130.0,256,59.150005,280,14,2,0
150.0,256,59.47836,250,13,3,0
140.0,256,59.511727,240,14,3,0
220.0,272,59.54722,370,18,2,0
150.0,280,59.58394,250,13,3,0
130.0,256,59.6173,230,13,3,0
190.0,256,59.650367,290,15,3,0
140.0,256,59.683691,240,12,3,0
240.0,288,59.720944,340,19,3,0
120.0,256,60.017819,270,14,2,0
200.0,256,60.052312,300,15,3,0
40.0,256,60.089586,190,12,2,0
130.0,256,60.124132,230,12,3,0
40.0,256,60.15739,190,11,2,0
100.0,256,60.190356,200,10,3,0
190.0,256,60.223415,290,15,3,0
100.0,256,60.256668,250,14,2,0
150.0,256,60.556873,250,13,3,0
160.0,280,60.59319,260,13,3,0
190.0,256,60.626248,290,15,3,0
130.0,256,60.663038,280,14,2,0
160.0,256,60.698303,260,14,3,0
180.0,256,60.731285,280,14,3,0
260.0,344,60.775742,360,19,3,0
120.0,256,61.077849,270,14,2,0
270.0,352,61.126207,370,20,3,0
220.0,280,61.166407,320,16,3,0
180.0,256,61.199722,280,14,3,0
80.0,256,61.23622,280,14,1,0
110.0,256,61.271314,260,13,2,0
150.0,256,61.3047,250,14,3,0
160.0,256,61.338497,260,14,3,0
200.0,256,61.641343,300,14,3,0
170.0,256,61.674835,270,15,3,0
280.0,304,61.714406,380,20,3,0
150.0,256,61.747831,250,12,3,0
90.0,256,61.781109,190,10,3,0
140.0,280,61.817443,240,12,3,0
130.0,256,61.852398,230,14,3,0
130.0,256,62.174952,230,11,3,0
150.0,280,62.212567,300,16,2,0
220.0,256,62.245955,320,16,3,0
150.0,256,62.279016,250,14,3,0
170.0,256,62.312424,270,14,3,0
130.0,256,62.34562,230,13,3,0
200.0,304,62.38492,350,18,2,0
290.0,256,62.418059,390,19,3,0
40.0,256,62.707898,190,11,2,0
160.0,256,62.739829,260,14,3,0
100.0,256,62.771607,200,10,3,0
160.0,256,62.803067,260,14,3,0
170.0,280,62.83786,270,15,3,0
180.0,256,62.869529,280,14,3,0
230.0,256,62.901168,330,17,3,0
100.0,256,62.932867,250,12,2,0
180.0,280,63.221213,280,15,3,0
90.0,256,63.253264,240,14,2,0
150.0,256,63.284977,250,14,3,0
200.0,280,63.319409,300,16,3,0
180.0,256,63.350811,280,15,3,0
530.0,366,63.395936,580,24,2,1
320.0,400,63.445121,420,22,3,0
170.0,256,63.726827,270,15,3,0
230.0,352,63.771357,380,19,2,0
180.0,312,63.809643,280,16,3,0
180.0,256,63.841269,280,15,3,0
130.0,256,63.872687,280,14,2,0
70.0,256,63.904314,170,10,3,0
90.0,256,63.936273,290,15,1,0
240.0,312,64.222812,340,18,3,0
160.0,280,64.258007,260,13,3,0
80.0,256,64.289787,230,11,2,0
160.0,256,64.321856,310,15,2,0
210.0,280,64.35663,310,17,3,0
200.0,280,64.391673,300,16,3,0
100.0,256,64.423611,250,15,2,0
80.0,256,64.455527,230,13,2,0
220.0,256,64.747545,320,17,3,0
160.0,256,64.779597,260,14,3,0
230.0,280,64.814615,330,17,3,0
200.0,256,64.84656,300,14,3,0
310.0,312,64.885495,410,20,3,0
200.0,280,64.920448,350,18,2,0
100.0,256,64.952023,250,14,2,0
260.0,256,65.249021,360,17,3,0
80.0,256,65.28205,230,12,2,0
110.0,280,65.316564,260,15,2,0
150.0,256,65.348567,250,14,3,0
200.0,280,65.383078,300,15,3,0
110.0,256,65.414752,260,13,2,0
200.0,256,65.446577,300,16,3,0
40.0,256,65.477928,190,12,2,0
130.0,256,65.759145,230,12,3,0
280.0,280,65.795398,380,20,3,0
140.0,312,65.83379,290,16,2,0
250.0,312,65.872086,350,18,3,0
110.0,256,65.904646,260,13,2,0
250.0,280,65.940418,350,18,3,0
150.0,280,65.976389,250,14,3,0
280.0,312,66.276564,380,20,3,0
90.0,256,66.309929,190,11,3,0
190.0,280,66.346165,290,15,3,0
300.0,376,66.394706,400,21,3,0
190.0,280,66.43089,340,18,2,0
190.0,256,66.464127,290,15,3,0
70.0,256,66.497177,220,12,2,0
140.0,256,66.530168,240,13,3,0
180.0,280,66.826622,280,15,3,0
180.0,256,66.859906,280,16,3,0
120.0,256,66.893144,270,14,2,0
130.0,256,66.926002,230,12,3,0
200.0,256,66.960539,300,15,3,0
130.0,256,66.997633,230,13,3,0
160.0,256,67.036179,260,13,3,0
290.0,280,67.335035,390,19,3,0
110.0,256,67.368799,260,14,2,0
210.0,280,67.404743,310,16,3,0
180.0,256,67.437644,280,15,3,0
180.0,256,67.470949,280,14,3,0
120.0,256,67.507815,270,14,2,0
210.0,256,67.544707,310,17,3,0
150.0,280,67.582764,250,14,3,0
110.0,280,67.88877,260,13,2,0
220.0,280,67.925124,320,17,3,0
150.0,280,67.962668,250,13,3,0
170.0,256,67.999933,270,14,3,0
280.0,328,68.047064,380,19,3,0
10.0,256,68.080227,160,9,2,0
210.0,256,68.11506,310,16,3,0
170.0,256,68.152051,270,15,3,0
210.0,280,68.455795,310,17,3,0
170.0,256,68.490313,320,16,2,0
170.0,280,68.530358,270,15,3,0
160.0,256,68.563385,260,14,3,0
220.0,256,68.598547,320,16,3,0
220.0,256,68.635455,320,16,3,0
130.0,256,68.672543,230,12,3,0
80.0,256,68.972438,230,12,2,0
150.0,256,69.006579,250,13,3,0
150.0,256,69.043505,300,15,2,0
200.0,280,69.083925,300,16,3,0
200.0,280,69.122295,300,16,3,0
210.0,312,69.16355,360,19,2,0
210.0,304,69.206998,360,19,2,0
210.0,256,69.24382,310,15,3,0
210.0,256,69.561914,310,16,3,0
230.0,256,69.596376,330,16,3,0
180.0,256,69.633245,280,14,3,0
220.0,328,69.6809,370,19,2,0
270.0,304,69.720414,370,19,3,0
150.0,256,69.753499,250,13,3,0
250.0,312,69.793702,350,19,3,0
80.0,256,70.10705,230,12,2,0
290.0,360,70.159355,390,19,3,0
160.0,256,70.193564,260,13,3,0
190.0,256,70.226839,290,16,3,0
200.0,312,70.267136,350,19,2,0
200.0,304,70.306113,300,16,3,0
260.0,280,70.345736,360,18,3,0
180.0,304,70.665887,330,17,2,0
170.0,280,70.702861,270,15,3,0
110.0,256,70.736071,260,14,2,0
180.0,256,70.769233,280,14,3,0
70.0,256,70.802326,220,12,2,0
170.0,256,70.835,270,14,3,0
160.0,256,70.871528,310,16,2,0
220.0,304,70.915147,370,19,2,0
130.0,256,71.225743,280,15,2,0
230.0,328,71.268524,330,17,3,0
170.0,256,71.301269,270,13,3,0
140.0,256,71.335954,240,13,3,0
240.0,304,71.379583,340,17,3,0
140.0,256,71.416506,240,13,3,0
230.0,256,71.453244,330,16,3,0
90.0,256,71.757731,240,13,2,0
170.0,256,71.791776,270,13,3,0
210.0,256,71.825524,310,16,3,0
140.0,256,71.85893,290,16,2,0
60.0,256,71.892128,210,11,2,0
150.0,256,71.925205,250,14,3,0
160.0,256,71.958474,260,15,3,0
170.0,256,71.991694,270,14,3,0
190.0,256,72.301848,290,15,3,0
190.0,280,72.338736,340,18,2,0
200.0,256,72.371826,300,15,3,0
200.0,328,72.414281,300,15,3,0
220.0,280,72.45009,320,17,3,0
280.0,312,72.49037,380,19,3,0
230.0,256,72.523452,330,16,3,0
80.0,256,72.556539,230,12,2,0
160.0,256,72.85001,260,15,3,0
210.0,256,72.883367,310,16,3,0
90.0,256,72.916677,190,10,3,0
230.0,280,72.952828,330,17,3,0
120.0,256,72.985981,220,13,3,0
260.0,256,73.019708,360,18,3,0
190.0,256,73.053035,290,15,3,0
280.0,312,73.383691,380,19,3,0
200.0,256,73.422142,300,14,3,0
140.0,256,73.457267,240,12,3,0
200.0,256,73.490393,300,15,3,0
150.0,256,73.526787,250,13,3,0
190.0,280,73.566803,340,18,2,0
230.0,256,73.601929,330,16,3,0
200.0,256,73.634533,300,15,3,0
150.0,256,73.933587,300,14,2,0
280.0,352,73.97951,430,22,2,0
120.0,256,74.013069,220,11,3,0
200.0,256,74.046096,300,15,3,0
130.0,280,74.083949,230,12,3,0
140.0,256,74.12044,290,14,2,0
320.0,360,74.166683,420,21,3,0
180.0,256,74.470711,330,17,2,0
280.0,256,74.504747,380,18,3,0
180.0,256,74.537869,280,14,3,0
240.0,256,74.570952,340,17,3,0
240.0,352,74.616219,390,20,2,0
30.0,256,74.649365,180,10,2,0
240.0,256,74.682562,340,17,3,0
200.0,256,74.715946,300,15,3,0
150.0,256,75.031814,250,12,3,0
100.0,256,75.065293,200,12,3,0
270.0,448,75.122917,420,22,2,0
150.0,256,75.156259,300,15,2,0
220.0,304,75.195915,370,19,2,0
220.0,256,75.228593,320,16,3,0
150.0,256,75.262343,250,13,3,0
190.0,256,75.574802,290,15,3,0
160.0,280,75.611361,310,16,2,0
120.0,256,75.644514,220,12,3,0
220.0,256,75.677702,320,16,3,0
300.0,376,75.726474,400,21,3,0
200.0,304,75.765441,300,16,3,0
200.0,256,75.79845,300,15,3,0
190.0,256,76.111845,290,14,3,0
270.0,320,76.154552,370,19,3,0
200.0,280,76.19525,300,15,3,0
140.0,328,76.242372,340,18,1,0
180.0,256,76.275463,280,14,3,0
300.0,328,76.317868,450,22,2,0
140.0,280,76.354057,240,14,3,0
240.0,256,76.656113,340,17,3,0
180.0,256,76.694,280,13,3,0
140.0,256,76.73017,240,13,3,0
180.0,256,76.763194,280,14,3,0
180.0,256,76.79958,280,14,3,0
70.0,256,76.836941,170,9,3,0
200.0,256,76.873335,300,15,3,0
280.0,352,76.918756,380,20,3,0
230.0,256,77.224276,330,16,3,0
170.0,256,77.265995,270,13,3,0
240.0,256,77.302776,340,17,3,0
200.0,256,77.339653,300,14,3,0
250.0,328,77.38711,350,17,3,0
170.0,256,77.421076,270,14,3,0
170.0,256,77.455339,270,15,3,0
180.0,256,77.492046,280,16,3,0
160.0,256,77.793806,260,14,3,0
200.0,304,77.833257,300,15,3,0
190.0,256,77.87009,290,15,3,0
170.0,304,77.913843,270,15,3,0
170.0,256,77.94787,270,13,3,0
180.0,256,77.981617,280,14,3,0
170.0,256,78.01953,270,14,3,0
230.0,256,78.326193,330,16,3,0
140.0,280,78.362642,290,16,2,0
170.0,256,78.396107,270,13,3,0
220.0,256,78.429286,320,16,3,0
200.0,256,78.462818,300,16,3,0
200.0,256,78.499577,300,15,3,0
170.0,256,78.532953,270,14,3,0
190.0,256,78.567481,290,15,3,0
220.0,256,78.872592,320,17,3,0
0.0,256,78.906554,150,9,2,0
160.0,256,78.940031,360,18,1,0
170.0,256,78.973655,270,14,3,0
220.0,256,79.007135,320,16,3,0
580.0,453,79.069366,580,24,3,1
310.0,312,79.114501,410,21,3,0
260.0,256,79.441423,360,18,3,0
80.0,256,79.479658,230,13,2,0
180.0,256,79.517147,280,15,3,0
230.0,344,79.566652,380,20,2,0
130.0,256,79.599987,230,12,3,0
200.0,256,79.634829,300,15,3,0
210.0,256,79.670501,310,15,3,0
140.0,256,79.70358,240,13,3,0
150.0,256,80.01525,300,16,2,0
180.0,256,80.048787,280,14,3,0
320.0,360,80.095628,420,21,3,0
160.0,256,80.129406,310,15,2,0
160.0,256,80.162605,260,14,3,0
60.0,256,80.196352,260,15,1,0
160.0,280,80.236644,310,16,2,0
140.0,256,80.531526,240,13,3,0
190.0,304,80.571598,340,18,2,0
150.0,280,80.607886,250,14,3,0
150.0,280,80.644361,300,16,2,0
90.0,256,80.677812,240,12,2,0
110.0,256,80.711419,210,12,3,0
310.0,400,80.767894,460,23,2,0
190.0,256,81.064494,290,16,3,0
220.0,304,81.105269,320,17,3,0
160.0,256,81.142096,260,13,3,0
150.0,256,81.176673,250,13,3,0
130.0,256,81.209903,230,13,3,0
170.0,256,81.243507,270,14,3,0
260.0,304,81.28278,360,19,3,0
170.0,256,81.317448,270,14,3,0
220.0,256,81.613887,320,16,3,0
90.0,256,81.64776,240,12,2,0
250.0,280,81.684538,350,18,3,0
200.0,280,81.720724,300,16,3,0
120.0,256,81.753518,220,13,3,0
120.0,256,81.786842,220,11,3,0
160.0,256,81.824065,260,12,3,0
190.0,256,81.857881,290,15,3,0
200.0,256,82.159088,300,15,3,0
170.0,256,82.192708,270,14,3,0
140.0,256,82.226238,290,14,2,0
130.0,256,82.259451,230,12,3,0
210.0,280,82.300033,310,16,3,0
240.0,256,82.336831,340,17,3,0
180.0,280,82.37917,330,17,2,0
180.0,256,82.412069,280,14,3,0
170.0,256,82.709383,320,16,2,0
160.0,256,82.742457,260,13,3,0
230.0,256,82.775618,330,16,3,0
200.0,256,82.808738,300,16,3,0
180.0,256,82.841845,280,14,3,0
240.0,256,82.875087,340,17,3,0
150.0,256,82.907901,250,14,3,0
120.0,256,82.941263,220,12,3,0
40.0,256,83.266522,290,16,0,0
350.0,360,83.313886,450,22,3,0
170.0,256,83.347419,270,14,3,0
210.0,280,83.383674,310,16,3,0
220.0,280,83.420303,320,17,3,0
120.0,256,83.457322,270,13,2,0
240.0,256,83.491364,340,17,3,0
210.0,304,83.817517,310,16,3,0
120.0,256,83.855131,220,13,3,0
210.0,280,83.896003,310,17,3,0
170.0,256,83.933199,270,15,3,0
180.0,304,83.974225,280,15,3,0
200.0,256,84.007794,300,15,3,0
310.0,352,84.053518,410,21,3,0
210.0,312,84.35668,310,17,3,0
230.0,304,84.396024,330,17,3,0
200.0,256,84.429542,300,16,3,0
190.0,280,84.466014,290,15,3,0
180.0,256,84.499171,280,15,3,0
110.0,256,84.532421,260,15,2,0
210.0,304,84.571804,310,16,3,0
190.0,256,84.607969,290,13,3,0
200.0,256,84.912213,300,15,3,0
250.0,280,84.948796,350,18,3,0
250.0,256,84.982219,350,18,3,0
200.0,256,85.015974,300,15,3,0
170.0,256,85.049267,270,14,3,0
220.0,280,85.085837,320,16,3,0
140.0,280,85.122126,290,15,2,0
170.0,256,85.423105,270,14,3,0
150.0,256,85.456865,250,13,3,0
230.0,256,85.490066,330,16,3,0
170.0,280,85.526397,320,17,2,0
260.0,256,85.559394,360,17,3,0
120.0,256,85.59251,270,14,2,0
200.0,256,85.625323,300,15,3,0
210.0,256,85.658294,310,16,3,0
260.0,280,85.963326,360,19,3,0
50.0,256,85.997757,200,11,2,0
90.0,256,86.032893,240,13,2,0
40.0,256,86.070252,190,11,2,0
20.0,256,86.107473,220,12,1,0
210.0,256,86.141709,310,15,3,0
170.0,256,86.175364,270,14,3,0
230.0,256,86.208708,330,16,3,0
230.0,256,86.515617,330,16,3,0
170.0,256,86.549555,320,16,2,0
220.0,328,86.592807,320,17,3,0
130.0,256,86.626117,280,15,2,0
230.0,328,86.668645,330,17,3,0
160.0,256,86.702014,310,16,2,0
530.0,393,86.752536,580,24,2,1
240.0,256,87.046066,340,17,3,0
230.0,280,87.082591,330,17,3,0
110.0,256,87.115617,260,14,2,0
140.0,256,87.148655,240,13,3,0
180.0,256,87.18173,280,15,3,0
150.0,256,87.214653,250,13,3,0
190.0,256,87.24662,290,15,3,0
180.0,256,87.278109,280,14,3,0
180.0,280,87.578476,280,16,3,0
200.0,256,87.6105,300,15,3,0
180.0,256,87.642024,280,14,3,0
210.0,256,87.673675,310,16,3,0
200.0,256,87.705397,300,15,3,0
150.0,256,87.736879,250,12,3,0
350.0,464,87.79385,450,23,3,0
230.0,256,88.072815,330,17,3,0
250.0,256,88.10481,350,18,3,0
190.0,256,88.136678,290,15,3,0
280.0,328,88.177174,380,19,3,0
70.0,256,88.208806,220,13,2,0
110.0,256,88.240482,210,11,3,0
110.0,256,88.27184,260,14,2,0
200.0,256,88.303074,300,16,3,0
100.0,280,88.582823,250,13,2,0
150.0,256,88.614962,250,13,3,0
180.0,256,88.646557,280,15,3,0
170.0,256,88.678381,270,15,3,0
240.0,256,88.711105,340,17,3,0
280.0,328,88.751602,380,20,3,0
250.0,256,88.784225,350,17,3,0
220.0,256,89.080744,320,17,3,0
220.0,328,89.123009,320,17,3,0
190.0,256,89.155439,290,16,3,0
190.0,352,89.199828,390,20,1,0
180.0,256,89.23146,280,15,3,0
230.0,256,89.263397,330,16,3,0
190.0,256,89.294892,290,15,3,0
90.0,256,89.32656,240,11,2,0
240.0,256,89.619535,340,17,3,0
150.0,280,89.654438,250,13,3,0
200.0,256,89.68677,300,16,3,0
220.0,312,89.725994,320,17,3,0
310.0,416,89.778257,410,21,3,0
170.0,256,89.809901,270,14,3,0
150.0,256,89.841249,250,13,3,0
210.0,256,90.121055,310,15,3,0
280.0,280,90.155513,380,19,3,0
180.0,256,90.187074,280,14,3,0
360.0,480,90.246286,460,23,3,0
150.0,256,90.277861,250,13,3,0
200.0,256,90.309255,300,15,3,0
120.0,256,90.340632,220,12,3,0
220.0,256,90.631619,320,15,3,0
200.0,256,90.665241,300,16,3,0
190.0,256,90.698651,290,14,3,0
100.0,256,90.732222,250,13,2,0
170.0,256,90.765345,270,14,3,0
240.0,256,90.798277,340,17,3,0
170.0,256,90.831646,270,14,3,0
150.0,256,90.864712,300,15,2,0
210.0,256,91.159152,310,17,3,0
100.0,256,91.193087,200,12,3,0
140.0,256,91.226583,240,12,3,0
260.0,280,91.262791,360,18,3,0
30.0,280,91.298849,230,13,1,0
230.0,280,91.335178,330,17,3,0
260.0,304,91.374543,410,20,2,0
210.0,304,91.673324,310,16,3,0
200.0,256,91.707003,300,15,3,0
200.0,256,91.740325,300,15,3,0
200.0,280,91.776585,300,16,3,0
140.0,256,91.809658,240,14,3,0
150.0,256,91.842781,250,11,3,0
230.0,256,91.87574,330,16,3,0
200.0,304,91.914757,350,18,2,0
140.0,256,92.214413,240,14,3,0
160.0,256,92.248934,260,14,3,0
190.0,256,92.285805,290,15,3,0
230.0,256,92.31903,330,16,3,0
310.0,344,92.366898,410,19,3,0
210.0,280,92.407573,310,17,3,0
200.0,256,92.442512,300,16,3,0
220.0,360,92.777393,370,19,2,0
180.0,256,92.811133,280,14,3,0
180.0,256,92.847721,280,15,3,0
220.0,256,92.88458,320,16,3,0
130.0,256,92.921271,230,12,3,0
200.0,256,92.957661,300,15,3,0
150.0,304,92.9968,250,13,3,0
240.0,256,93.033294,340,17,3,0
170.0,256,93.356968,270,14,3,0
180.0,256,93.394357,280,14,3,0
170.0,256,93.431113,270,13,3,0
170.0,256,93.467814,320,16,2,0
300.0,352,93.519088,400,20,3,0
240.0,328,93.562753,340,18,3,0
190.0,256,93.5958,290,15,3,0
80.0,320,93.926924,330,18,0,0
230.0,256,93.964314,330,16,3,0
220.0,256,94.001343,320,16,3,0
260.0,256,94.036112,360,18,3,0
190.0,304,94.07555,290,15,3,0
220.0,256,94.10852,320,16,3,0
200.0,328,94.154826,350,18,2,0
190.0,256,94.469901,290,14,3,0
190.0,256,94.503698,290,14,3,0
210.0,256,94.537001,310,15,3,0
200.0,256,94.570227,300,15,3,0
130.0,256,94.60358,280,13,2,0
190.0,256,94.636619,290,15,3,0
140.0,256,94.672985,290,14,2,0
140.0,256,94.710179,240,12,3,0
280.0,400,95.035921,380,19,3,0
210.0,256,95.069245,310,15,3,0
220.0,256,95.105853,320,16,3,0
320.0,384,95.16145,420,22,3,0
150.0,256,95.195359,300,15,2,0
300.0,560,95.272829,450,23,2,0
180.0,304,95.583322,280,15,3,0
170.0,256,95.617937,270,14,3,0
90.0,280,95.658481,240,13,2,0
190.0,256,95.69574,290,16,3,0
160.0,256,95.732664,260,14,3,0
300.0,328,95.779956,450,22,2,0
170.0,256,95.81528,270,15,3,0
240.0,280,95.851381,340,18,3,0
350.0,560,96.201132,450,23,3,0
170.0,256,96.237438,370,18,1,0
220.0,256,96.270629,320,16,3,0
250.0,256,96.303521,350,17,3,0
170.0,280,96.339292,270,15,3,0
180.0,280,96.375375,280,15,3,0
160.0,256,96.680197,260,13,3,0
190.0,256,96.713733,290,15,3,0
230.0,280,96.749948,330,17,3,0
210.0,256,96.782987,310,16,3,0
220.0,256,96.816229,320,16,3,0
280.0,304,96.855278,380,20,3,0
190.0,256,96.888297,290,15,3,0
200.0,304,96.927312,300,15,3,0
140.0,256,97.219735,240,13,3,0
160.0,256,97.253125,260,14,3,0
200.0,256,97.286395,300,16,3,0
190.0,256,97.319632,290,16,3,0
260.0,328,97.361844,360,18,3,0
190.0,256,97.394981,290,15,3,0
170.0,304,97.43401,370,18,1,0
220.0,256,97.747141,320,16,3,0
240.0,312,97.78769,340,18,3,0
220.0,304,97.82684,370,19,2,0
0.0,256,97.859818,200,12,1,0
230.0,280,97.895469,330,17,3,0
280.0,288,97.932513,380,19,3,0
270.0,304,97.972413,370,19,3,0
210.0,256,98.280788,310,15,3,0
190.0,256,98.314688,290,15,3,0
190.0,256,98.347712,290,14,3,0
110.0,256,98.38408,260,12,2,0
250.0,328,98.430931,350,18,3,0
210.0,256,98.465376,310,17,3,0
200.0,336,98.508521,300,16,3,0
330.0,360,98.816693,430,22,3,0
190.0,256,98.85023,290,15,3,0
200.0,256,98.883578,300,16,3,0
230.0,328,98.925989,330,17,3,0
230.0,256,98.959201,330,16,3,0
160.0,280,98.995339,310,17,2,0
210.0,256,99.028914,310,15,3,0
370.0,328,99.071046,470,23,3,0
220.0,256,99.376197,320,16,3,0
230.0,328,99.419445,330,17,3,0
200.0,256,99.452638,300,15,3,0
200.0,256,99.485568,300,15,3,0
190.0,304,99.52515,290,15,3,0
120.0,256,99.558329,220,12,3,0
300.0,424,99.612918,400,21,3,0
240.0,280,99.919315,340,18,3,0
170.0,280,99.959922,270,14,3,0
260.0,304,100.002311,360,19,3,0
280.0,280,100.038992,380,19,3,0
200.0,328,100.086202,300,16,3,0
240.0,280,100.122581,340,18,3,0
230.0,304,100.161517,330,17,3,0
260.0,328,100.46505,360,19,3,0
120.0,256,100.501771,270,15,2,0
150.0,304,100.542623,250,14,3,0
310.0,288,100.582086,410,21,3,0
190.0,256,100.619513,290,14,3,0
220.0,328,100.666168,320,16,3,0
180.0,256,100.699487,280,14,3,0
240.0,280,101.008434,340,18,3,0
180.0,328,101.051914,330,17,2,0
230.0,280,101.088398,330,17,3,0
230.0,328,101.131166,330,17,3,0
180.0,280,101.167224,330,17,2,0
180.0,312,101.209081,380,20,1,0
240.0,280,101.249623,340,18,3,0
240.0,280,101.563321,340,17,3,0
230.0,256,101.596626,330,16,3,0
170.0,256,101.629794,270,15,3,0
150.0,256,101.662691,250,13,3,0
100.0,256,101.696106,250,14,2,0
180.0,256,101.729512,280,14,3,0
180.0,256,101.762765,280,15,3,0
110.0,256,102.074787,210,11,3,0
230.0,328,102.121762,380,19,2,0
320.0,544,102.197125,420,22,3,0
210.0,256,102.230547,310,14,3,0
60.0,256,102.263881,210,11,2,0
310.0,328,102.306452,410,21,3,0
260.0,256,102.339543,360,19,3,0
210.0,328,102.648347,360,19,2,0
150.0,256,102.681684,250,13,3,0
110.0,256,102.722622,260,13,2,0
200.0,256,102.759584,300,15,3,0
120.0,256,102.801065,220,10,3,0
210.0,256,102.838079,310,17,3,0
290.0,352,102.888871,390,19,3,0
260.0,368,103.209094,360,19,3,0
180.0,280,103.249345,280,14,3,0
210.0,336,103.298042,310,17,3,0
230.0,304,103.342146,330,17,3,0
190.0,256,103.379146,290,15,3,0
170.0,256,103.416578,270,13,3,0
220.0,280,103.457331,320,16,3,0
180.0,256,103.771274,280,13,3,0
220.0,256,103.808747,320,15,3,0
270.0,512,103.878559,420,22,2,0
140.0,256,103.911876,240,11,3,0
330.0,352,103.957231,430,22,3,0
170.0,256,103.990484,320,16,2,0
260.0,328,104.296367,360,18,3,0
260.0,328,104.339541,360,19,3,0
140.0,256,104.372766,240,12,3,0
190.0,256,104.409976,290,14,3,0
320.0,352,104.460615,420,21,3,0
140.0,280,104.496896,290,15,2,0
200.0,256,104.531478,300,15,3,0
280.0,256,104.567591,380,17,3,0
190.0,256,104.874132,290,15,3,0
180.0,256,104.908488,280,14,3,0
140.0,280,104.948716,290,16,2,0
270.0,256,104.981875,370,19,3,0
240.0,256,105.01724,340,17,3,0
100.0,256,105.053381,250,13,2,0
270.0,256,105.087053,370,18,3,0
240.0,344,105.408497,340,18,3,0
270.0,304,105.448586,370,19,3,0
230.0,304,105.489157,330,16,3,0
160.0,256,105.526426,260,14,3,0
290.0,328,105.568992,390,20,3,0
180.0,280,105.605271,330,16,2,0
200.0,256,105.63867,300,15,3,0
90.0,256,105.945071,190,11,3,0
80.0,256,105.978937,230,13,2,0
230.0,256,106.01243,330,17,3,0
170.0,328,106.055589,370,19,1,0
140.0,256,106.089038,340,17,1,0
240.0,256,106.12433,340,18,3,0
150.0,256,106.160092,300,15,2,0
250.0,256,106.193065,350,18,3,0
240.0,328,106.506852,340,17,3,0
350.0,560,106.57996,450,23,3,0
160.0,272,106.615288,260,13,3,0
300.0,408,106.668063,450,22,2,0
190.0,256,106.704083,290,14,3,0
200.0,280,106.743074,300,16,3,0
300.0,384,107.058528,400,21,3,0
320.0,448,107.116922,420,22,3,0
90.0,256,107.150348,240,12,2,0
250.0,256,107.183467,350,18,3,0
70.0,256,107.21677,220,13,2,0
310.0,312,107.262218,410,21,3,0
340.0,352,107.573043,440,22,3,0
210.0,256,107.606705,310,16,3,0
350.0,504,107.671741,450,23,3,0
350.0,520,107.744244,450,23,3,0
260.0,280,107.78445,360,19,3,0
190.0,256,107.820614,290,13,3,0
230.0,280,108.15388,330,18,3,0
200.0,256,108.187298,300,16,3,0
210.0,312,108.227289,310,17,3,0
300.0,472,108.28767,400,21,3,0
220.0,256,108.32074,320,17,3,0
200.0,384,108.369937,350,19,2,0
240.0,280,108.6769,340,18,3,0
240.0,280,108.718,340,18,3,0
160.0,256,108.754781,260,13,3,0
20.0,256,108.787941,220,11,1,0
360.0,472,108.848819,460,23,3,0
210.0,280,108.884921,310,17,3,0
340.0,352,108.930388,440,22,3,0
270.0,280,109.241622,370,19,3,0
130.0,256,109.275537,280,16,2,0
580.0,319,109.316983,580,24,3,1
220.0,312,109.35747,370,20,2,0
160.0,312,109.399763,260,14,3,0
220.0,256,109.435598,320,17,3,0
240.0,256,109.468705,340,17,3,0
180.0,256,109.777621,280,14,3,0
230.0,304,109.817341,330,18,3,0
240.0,256,109.85084,340,17,3,0
530.0,538,109.920546,580,24,2,1
240.0,360,109.967164,390,20,2,0
230.0,256,110.000154,330,17,3,0
90.0,256,110.30119,240,12,2,0
300.0,312,110.342047,400,21,3,0
320.0,496,110.408203,420,22,3,0
290.0,256,110.444695,390,19,3,0
130.0,256,110.477706,230,12,3,0
280.0,328,110.519978,380,20,3,0
100.0,256,110.553012,300,15,1,0
230.0,256,110.851654,330,16,3,0
280.0,256,110.885235,380,20,3,0
170.0,256,110.918417,270,14,3,0
230.0,256,110.951481,330,16,3,0
220.0,304,110.993509,320,16,3,0
240.0,328,111.040987,390,19,2,0
180.0,280,111.079606,330,17,2,0
140.0,256,111.38899,240,11,3,0
190.0,256,111.423231,290,15,3,0
170.0,256,111.456569,270,15,3,0
230.0,256,111.489703,330,16,3,0
280.0,312,111.530126,380,20,3,0
140.0,256,111.563414,240,14,3,0
320.0,360,111.609987,420,21,3,0
200.0,256,111.642765,300,16,3,0
150.0,280,111.945176,300,16,2,0
290.0,344,111.990058,440,21,2,0
230.0,312,112.030634,330,18,3,0
70.0,256,112.063947,270,14,1,0
200.0,256,112.097493,300,17,3,0
170.0,256,112.130576,270,15,3,0
320.0,504,112.45453,420,22,3,0
200.0,256,112.487947,300,15,3,0
240.0,256,112.52091,340,17,3,0
130.0,256,112.554202,230,13,3,0
200.0,520,112.621395,450,23,0,0
240.0,256,112.654505,340,17,3,0
240.0,328,112.696745,390,20,2,0
250.0,312,113.024655,400,21,2,0
210.0,256,113.05846,310,16,3,0
130.0,256,113.092012,330,17,1,0
200.0,344,113.137268,350,19,2,0
180.0,280,113.17422,280,16,3,0
280.0,280,113.211281,380,19,3,0
130.0,256,113.244185,230,13,3,0
260.0,256,113.537382,360,18,3,0
210.0,400,113.589069,360,18,2,0
150.0,256,113.621828,300,14,2,0
200.0,256,113.654703,300,15,3,0
130.0,256,113.687985,230,13,3,0
350.0,512,113.754188,450,23,3,0
290.0,336,114.056811,440,22,2,0
270.0,304,114.09683,370,19,3,0
200.0,256,114.129915,300,15,3,0
280.0,352,114.174992,430,21,2,0
120.0,256,114.207621,220,12,3,0
180.0,280,114.242237,280,15,3,0
300.0,464,114.29924,450,23,2,0
210.0,256,114.577957,310,17,3,0
210.0,256,114.609713,310,16,3,0
280.0,312,114.648213,380,19,3,0
330.0,424,114.700474,430,22,3,0
270.0,312,114.738787,370,20,3,0
260.0,304,114.776114,360,19,3,0
360.0,384,115.070647,460,23,3,0
200.0,256,115.102605,300,15,3,0
200.0,256,115.13438,300,15,3,0
300.0,512,115.197403,450,23,2,0
230.0,304,115.234944,330,17,3,0
580.0,367,115.27994,580,24,3,1
160.0,256,115.557701,260,13,3,0
190.0,256,115.589734,290,15,3,0
210.0,256,115.622535,310,16,3,0
270.0,280,115.657788,370,19,3,0
140.0,256,115.689624,240,14,3,0
260.0,336,115.73287,360,19,3,0
210.0,280,115.767263,310,16,3,0
210.0,312,115.807726,310,16,3,0
270.0,328,116.113419,370,18,3,0
170.0,280,116.148169,270,15,3,0
180.0,256,116.179619,280,15,3,0
290.0,368,116.225116,390,19,3,0
260.0,304,116.262842,360,18,3,0
220.0,256,116.295441,370,19,2,0
330.0,456,116.615572,430,22,3,0
70.0,256,116.648862,270,14,1,0
240.0,280,116.684502,340,17,3,0
230.0,304,116.722024,330,17,3,0
170.0,256,116.753423,270,15,3,0
210.0,256,116.784797,310,16,3,0
320.0,496,116.845613,420,22,3,0
580.0,442,117.149848,580,24,3,1
240.0,256,117.181579,340,17,3,0
350.0,520,117.245299,450,23,3,0
270.0,256,117.2769,370,18,3,0
270.0,328,117.319034,420,21,2,0
200.0,280,117.614536,350,18,2,0
580.0,469,117.67598,580,24,3,1
240.0,352,117.721484,390,20,2,0
170.0,256,117.754875,270,15,3,0
150.0,256,117.78794,300,15,2,0
240.0,256,117.821115,340,18,3,0
150.0,256,117.85415,250,13,3,0
220.0,256,118.166264,320,16,3,0
200.0,256,118.199807,300,15,3,0
230.0,256,118.233083,330,17,3,0
250.0,520,118.299637,450,23,1,0
310.0,352,118.344631,410,20,3,0
280.0,304,118.38339,430,21,2,0
210.0,280,118.419373,310,16,3,0
280.0,360,118.724856,430,21,2,0
210.0,256,118.758006,310,17,3,0
300.0,520,118.825128,450,23,2,0
220.0,280,118.861145,320,16,3,0
270.0,304,118.900421,370,19,3,0
250.0,560,119.253111,450,23,1,0
130.0,256,119.290391,230,13,3,0
280.0,424,119.351578,430,22,2,0
190.0,256,119.388781,290,15,3,0
170.0,276,119.424758,420,20,0,0
250.0,280,119.460556,350,18,3,0
530.0,334,119.782537,580,24,2,1
360.0,432,119.839556,460,23,3,0
310.0,328,119.881897,410,21,3,0
150.0,256,119.914726,250,13,3,0
250.0,256,119.947304,350,17,3,0
260.0,328,119.991391,360,19,3,0
260.0,280,120.030398,360,19,3,0
330.0,352,120.358052,430,22,3,0
290.0,328,120.400883,390,19,3,0
360.0,488,120.463283,460,23,3,0
300.0,504,120.531199,450,23,2,0
300.0,512,120.603778,450,23,2,0
340.0,328,120.917559,440,21,3,0
210.0,256,120.950754,310,16,3,0
280.0,304,120.990483,380,19,3,0
210.0,256,121.027484,310,16,3,0
210.0,256,121.065103,310,16,3,0
210.0,256,121.101896,310,16,3,0
290.0,352,121.14999,390,20,3,0
220.0,328,121.460899,320,17,3,0
210.0,304,121.50504,360,17,2,0
240.0,328,121.552537,340,18,3,0
280.0,320,121.594798,380,20,3,0
250.0,256,121.629719,350,16,3,0
210.0,256,121.665725,310,16,3,0
240.0,256,121.69861,340,17,3,0
290.0,280,122.0056,390,20,3,0
580.0,382,122.061638,580,24,3,1
240.0,304,122.104398,390,19,2,0
250.0,352,122.150259,350,18,3,0
200.0,280,122.186166,300,16,3,0
150.0,256,122.219295,250,14,3,0
150.0,280,122.534091,300,15,2,0
200.0,256,122.568051,300,16,3,0
260.0,328,122.610078,360,19,3,0
290.0,400,122.661433,390,19,3,0
320.0,304,122.703876,420,21,3,0
230.0,256,122.738972,330,17,3,0
360.0,496,123.06157,460,23,3,0
280.0,320,123.103692,430,21,2,0
320.0,328,123.15147,420,21,3,0
80.0,256,123.192174,230,13,2,0
120.0,256,123.229842,220,13,3,0
200.0,256,123.262783,350,17,2,0
290.0,352,123.308225,390,20,3,0
290.0,280,123.604061,390,20,3,0
250.0,400,123.656309,450,23,1,0
260.0,328,123.698952,410,21,2,0
260.0,256,123.733806,360,18,3,0
200.0,280,123.774482,300,16,3,0
360.0,496,123.84371,460,23,3,0
200.0,280,123.880033,350,18,2,0
200.0,256,124.192266,300,16,3,0
170.0,280,124.230444,270,15,3,0
200.0,256,124.266741,300,16,3,0
190.0,256,124.299977,340,18,2,0
190.0,256,124.336316,290,15,3,0
150.0,256,124.37361,300,15,2,0
150.0,256,124.409796,250,14,3,0
280.0,376,124.727847,430,22,2,0
130.0,256,124.763675,230,13,3,0
210.0,256,124.800742,310,16,3,0
110.0,256,124.838067,260,14,2,0
230.0,256,124.875001,330,17,3,0
220.0,256,124.909236,320,17,3,0
210.0,280,124.946771,310,17,3,0
350.0,568,125.287444,450,23,3,0
120.0,256,125.320946,220,13,3,0
200.0,256,125.354314,300,15,3,0
220.0,256,125.387433,320,16,3,0
190.0,256,125.420633,340,17,2,0
330.0,368,125.468366,430,22,3,0
350.0,432,125.524083,450,23,3,0
290.0,304,125.824287,390,20,3,0
230.0,304,125.863483,330,17,3,0
130.0,256,125.896481,230,11,3,0
220.0,328,125.939819,420,21,1,0
260.0,304,125.979198,360,18,3,0
230.0,256,126.012257,330,18,3,0
170.0,256,126.045783,270,13,3,0
220.0,280,126.341251,370,19,2,0
200.0,256,126.374366,300,17,3,0
580.0,401,126.426007,580,24,3,1
130.0,256,126.458036,280,14,2,0
190.0,256,126.489727,290,16,3,0
290.0,352,126.532725,390,20,3,0
190.0,256,126.564048,290,14,3,0
250.0,456,126.866663,450,23,1,0
130.0,256,126.898207,280,14,2,0
580.0,372,126.943807,580,24,3,1
230.0,256,126.975314,330,17,3,0
350.0,464,127.032311,450,23,3,0
230.0,256,127.064198,330,18,3,0
170.0,299,127.350292,420,21,0,0
290.0,352,127.393634,390,20,3,0
320.0,360,127.437721,420,22,3,0
480.0,414,127.488502,580,24,1,1
210.0,280,127.52261,310,16,3,0
260.0,280,127.55704,360,18,3,0
150.0,256,127.834273,250,14,3,0
140.0,256,127.865916,240,11,3,0
260.0,328,127.906606,360,18,3,0
230.0,256,127.938179,330,17,3,0
240.0,256,127.969491,340,17,3,0
210.0,280,128.005445,310,16,3,0
480.0,319,128.046383,580,24,1,1
220.0,256,128.359943,320,16,3,0
250.0,256,128.393411,350,17,3,0
300.0,472,128.454013,450,23,2,0
170.0,256,128.48704,270,15,3,0
200.0,256,128.519312,300,15,3,0
530.0,401,128.568391,580,24,2,1
300.0,328,128.608899,400,21,3,0
210.0,328,128.911784,360,18,2,0
160.0,256,128.944738,260,15,3,0
230.0,256,128.977621,330,16,3,0
130.0,256,129.010245,230,12,3,0
270.0,256,129.04259,370,18,3,0
220.0,256,129.075312,320,17,3,0
230.0,256,129.107083,330,18,3,0
190.0,304,129.399242,340,18,2,0
270.0,280,129.433812,370,19,3,0
280.0,304,129.471555,380,20,3,0
580.0,393,129.522089,580,24,3,1
250.0,344,129.566542,350,19,3,0
300.0,520,129.633648,450,23,2,0
350.0,512,129.961662,450,23,3,0
140.0,280,129.997954,290,15,2,0
240.0,280,130.033839,340,18,3,0
160.0,256,130.067142,260,14,3,0
340.0,416,130.121065,440,22,3,0
580.0,461,130.441372,580,24,3,1
280.0,256,130.474943,380,18,3,0
130.0,256,130.508125,230,12,3,0
240.0,256,130.541252,340,18,3,0
230.0,256,130.574257,330,17,3,0
180.0,256,130.607047,280,15,3,0
320.0,360,130.65322,420,21,3,0
120.0,256,130.686226,270,14,2,0
290.0,352,130.993265,390,19,3,0
240.0,280,131.030386,390,20,2,0
230.0,256,131.064357,330,17,3,0
530.0,318,131.105347,580,24,2,1
360.0,496,131.169391,460,23,3,0
240.0,304,131.208787,390,20,2,0
210.0,280,131.52247,310,16,3,0
530.0,461,131.587189,580,24,2,1
350.0,392,131.637035,450,22,3,0
270.0,352,131.682313,370,19,3,0
210.0,280,131.718759,310,16,3,0
160.0,256,131.751726,260,14,3,0
330.0,376,132.082473,430,22,3,0
310.0,328,132.126197,410,21,3,0
230.0,304,132.1694,330,17,3,0
580.0,520,132.238942,580,24,3,1
290.0,336,132.284287,390,20,3,0
250.0,280,132.320121,350,18,3,0
530.0,319,132.635517,580,24,2,1
160.0,256,132.670036,310,17,2,0
210.0,352,132.715702,360,18,2,0
200.0,328,132.758412,400,20,1,0
180.0,280,132.794934,330,18,2,0
210.0,280,132.831117,310,16,3,0
210.0,304,133.134612,360,18,2,0
290.0,328,133.181987,390,20,3,0
160.0,256,133.220658,260,14,3,0
200.0,280,133.261276,300,17,3,0
230.0,400,133.31938,380,19,2,0
180.0,256,133.359978,280,15,3,0
580.0,391,133.418872,580,24,3,1
210.0,256,133.736691,310,17,3,0
140.0,280,133.777359,290,16,2,0
270.0,280,133.818449,370,19,3,0
170.0,256,133.85576,270,15,3,0
350.0,552,133.935694,450,23,3,0
130.0,256,133.972803,280,13,2,0
290.0,280,134.013087,390,20,3,0
210.0,256,134.321836,310,16,3,0
190.0,256,134.359263,290,15,3,0
230.0,280,134.399805,330,17,3,0
230.0,256,134.436269,330,17,3,0
190.0,256,134.469575,290,15,3,0
300.0,352,134.515351,400,21,3,0
580.0,461,134.845956,580,24,3,1
300.0,328,134.89442,400,20,3,0
220.0,280,134.932931,320,16,3,0
170.0,256,134.966281,270,15,3,0
300.0,328,135.009164,400,20,3,0
320.0,352,135.055326,420,21,3,0
80.0,256,135.08882,230,12,2,0
